stop_id,stop_name,aliases,lat,lng,zone,district,ward,is_major_stop,landmark,has_shelter,has_ticket_counter,is_interchange,wheelchair_access,audio_support,status,unverified_fields,created_at,updated_at,geo_out_of_bounds,Unnamed: 20,Unnamed: 21,Unnamed: 22
S0002,Kapan Stop,,27.729418,85.354064,Budhanilakantha,KATHMANDU,7,False,Kapan Stop Chowk / Junction,False,False,False,False,False,active,"ward,landmark,has_shelter,has_ticket_counter,wheelchair_access,audio_support",2026-08-03T02:39:13Z,2026-08-17T20:07:59Z,False,,,
S0003,Shobhabhagwati,,27.718204,85.312138,Kathmandu,KATHMANDU,20,False,Shobhabhagwati Chowk / Junction,False,False,False,False,False,active,"ward,landmark,has_shelter,has_ticket_counter,wheelchair_access,audio_support",2026-08-03T02:39:13Z,2026-08-17T20:07:59Z,False,,,
S0004,Kaushaltar,,27.674541,85.364349,Madhyapur Thimi,BHAKTAPUR,29,True,Kaushaltar Chowk / Junction,False,False,False,False,False,active,"ward,landmark,has_shelter,has_ticket_counter,wheelchair_access,audio_support",2026-08-03T02:39:13Z,2026-08-17T20:07:59Z,False,,,
S0005,Putalisadak Stop,,27.70569,85.322552,Kathmandu,KATHMANDU,15,True,Putalisadak Stop Chowk / Junction,False,False,False,False,False,active,"ward,landmark,has_shelter,has_ticket_counter,wheelchair_access,audio_support",2026-08-03T02:39:13Z,2026-08-17T20:07:59Z,False,,,
S0006,KattyaniChowk Stop,,27.695366,85.344466,Kathmandu,KATHMANDU,11,False,KattyaniChowk Stop Chowk / Junction,False,False,False,False,False,active,"ward,landmark,has_shelter,has_ticket_counter,wheelchair_access,audio_support",2026-08-03T02:39:13Z,2026-08-17T20:07:59Z,False,,,
S0007,Chardobato,,27.673553,85.381717,Madhyapur Thimi,BHAKTAPUR,8,True,Chardobato Chowk / Junction,False,False,False,False,False,active,"ward,landmark,has_shelter,has_ticket_counter,wheelchair_access,audio_support",2026-08-03T02:39:13Z,2026-08-17T20:07:59Z,False,,,
S0008,Sataungal,,27.686988,85.2506,Chandragiri,KATHMANDU,29,False,Sataungal Chowk / Junction,False,False,False,False,False,active,"ward,landmark,has_shelter,has_ticket_counter,wheelchair_access,audio_support",2026-08-03T02:39:13Z,2026-08-17T20:07:59Z,False,,,
S0010,Thankot,,27.706627,85.20574,Chandragiri,KATHMANDU,21,False,Thankot Chowk / Junction,False,False,False,False,False,active,"ward,landmark,has_shelter,has_ticket_counter,wheelchair_access,audio_support",2026-08-03T02:39:13Z,2026-08-17T20:07:59Z,False,,,
S0011,Satdobato Chowk Stop,,27.6656,85.3283,Lalitpur,LALITPUR,7,True,Satdobato Chowk Stop Chowk / Junction,False,False,False,False,False,active,"ward,landmark,has_shelter,has_ticket_counter,wheelchair_access,audio_support",2026-08-03T02:39:13Z,2026-08-17T20:07:59Z,False,,,
S0013,Ratna Park,,27.706705,85.315249,Kathmandu,KATHMANDU,19,True,Ratna Park Chowk / Junction,False,False,True,False,False,active,"ward,landmark,has_shelter,has_ticket_counter,wheelchair_access,audio_support",2026-08-03T02:39:13Z,2026-08-17T20:07:59Z,False,,,
S0014,Sallaghari North,,27.674055,85.409969,Bhaktapur,BHAKTAPUR,23,True,Sallaghari Stop Chowk / Junction,False,False,False,False,False,active,"ward,landmark,has_shelter,has_ticket_counter,wheelchair_access,audio_support",2026-08-03T02:39:13Z,2026-08-17T20:07:59Z,False,,,
S0015,Hanumanthan Stop,,27.693522,85.327603,Kathmandu,KATHMANDU,11,True,Hanumanthan Stop Chowk / Junction,False,False,False,False,False,active,"ward,landmark,has_shelter,has_ticket_counter,wheelchair_access,audio_support",2026-08-03T02:39:13Z,2026-08-17T20:07:59Z,False,,,
S0016,Bhimsengola stop,,27.700377,85.343256,Kathmandu,KATHMANDU,11,False,Bhimsengola stop Chowk / Junction,False,False,False,False,False,active,"ward,landmark,has_shelter,has_ticket_counter,wheelchair_access,audio_support",2026-08-03T02:39:13Z,2026-08-17T20:07:59Z,False,,,
S0017,Tinkune Stop,,27.683552,85.349050,Kathmandu,KATHMANDU,24,True,Tinkune Stop Chowk / Junction,False,False,False,False,False,active,"ward,landmark,has_shelter,has_ticket_counter,wheelchair_access,audio_support",2026-08-03T02:39:13Z,2026-08-17T20:07:59Z,False,,,
S0018,Sankhamul Stop,,27.681128,85.331587,Lalitpur,LALITPUR,21,False,Sankhamul Stop Chowk / Junction,False,False,False,False,False,active,"ward,landmark,has_shelter,has_ticket_counter,wheelchair_access,audio_support",2026-08-03T02:39:13Z,2026-08-17T20:07:59Z,False,,,
S0020,Gwarko Chowk Stop,,27.6705,85.334,Lalitpur,LALITPUR,4,True,Gwarko Chowk Stop Chowk / Junction,False,False,False,False,False,active,"ward,landmark,has_shelter,has_ticket_counter,wheelchair_access,audio_support",2026-08-03T02:39:13Z,2026-08-17T20:07:59Z,False,,,
S0022,Lokanthali North,,27.674829,85.359862,Madhyapur Thimi,BHAKTAPUR,24,True,Lokanthali Chowk / Junction,False,False,False,False,False,active,"ward,landmark,has_shelter,has_ticket_counter,wheelchair_access,audio_support",2026-08-03T02:39:13Z,2026-08-17T20:07:59Z,False,,,
S0023,Kalimati,,27.69843,85.29944,Kathmandu,KATHMANDU,3,True,Kalimati Chowk / Junction,False,False,False,False,False,active,"ward,landmark,has_shelter,has_ticket_counter,wheelchair_access,audio_support",2026-08-03T02:39:13Z,2026-08-17T20:07:59Z,False,,,
S0024,Balkumari Stop,,27.6763,85.3395,Lalitpur,LALITPUR,22,True,Balkumari Stop Chowk / Junction,False,False,False,False,False,active,"ward,landmark,has_shelter,has_ticket_counter,wheelchair_access,audio_support",2026-08-03T02:39:13Z,2026-08-17T20:07:59Z,False,,,
S0025,Kamal Binayak,,27.677327,85.436917,Bhaktapur,BHAKTAPUR,21,False,Kamal Binayak Chowk / Junction,False,False,False,False,False,active,"ward,landmark,has_shelter,has_ticket_counter,wheelchair_access,audio_support",2026-08-03T02:39:13Z,2026-08-17T20:07:59Z,False,,,
S0026,Boudha,,27.72072,85.36176,Kathmandu,KATHMANDU,2,True,Boudha Chowk / Junction,False,False,False,False,False,active,"ward,landmark,has_shelter,has_ticket_counter,wheelchair_access,audio_support",2026-08-03T02:39:13Z,2026-08-17T20:07:59Z,False,,,
S0027,KMC stop,,27.695834,85.352791,Kathmandu,KATHMANDU,24,False,KMC stop Chowk / Junction,False,False,False,False,False,active,"ward,landmark,has_shelter,has_ticket_counter,wheelchair_access,audio_support",2026-08-03T02:39:13Z,2026-08-17T20:07:59Z,False,,,
S0028,Babarmahal,,27.692579,85.323905,Kathmandu,KATHMANDU,12,True,Babarmahal Chowk / Junction,False,False,False,False,False,active,"ward,landmark,has_shelter,has_ticket_counter,wheelchair_access,audio_support",2026-08-03T02:39:13Z,2026-08-17T20:07:59Z,False,,,
S0029,Minbhawan,,27.6877,85.338462,Kathmandu,KATHMANDU,30,True,Minbhawan Chowk / Junction,False,False,False,False,False,active,"ward,landmark,has_shelter,has_ticket_counter,wheelchair_access,audio_support",2026-08-03T02:39:13Z,2026-08-17T20:07:59Z,False,,,
S0030,Chakrapath Stop-- South,,27.739835,85.336915,Kathmandu,KATHMANDU,6,True,Chakrapath Stop-- South Chowk / Junction,False,False,True,False,False,active,"ward,landmark,has_shelter,has_ticket_counter,wheelchair_access,audio_support",2026-08-03T02:39:13Z,2026-08-17T20:07:59Z,False,,,
S0031,Bagbazar Stop,,27.705828,85.317204,Kathmandu,KATHMANDU,2,True,Bagbazar Stop Chowk / Junction,False,False,False,False,False,active,"ward,landmark,has_shelter,has_ticket_counter,wheelchair_access,audio_support",2026-08-03T02:39:13Z,2026-08-17T20:07:59Z,False,,,
S0032,Dhapakhel Stop,,27.628084,85.327973,Lalitpur,LALITPUR,32,False,Dhapakhel Stop Chowk / Junction,False,False,False,False,False,active,"ward,landmark,has_shelter,has_ticket_counter,wheelchair_access,audio_support",2026-08-03T02:39:13Z,2026-08-17T20:07:59Z,False,,,
S0033,Bijulibazar Stop,,27.692332,85.329615,Kathmandu,KATHMANDU,28,True,Bijulibazar Stop Chowk / Junction,False,False,False,False,False,active,"ward,landmark,has_shelter,has_ticket_counter,wheelchair_access,audio_support",2026-08-03T02:39:13Z,2026-08-17T20:07:59Z,False,,,
S0034,Buddhanagar Stop,,27.689345,85.330988,Kathmandu,KATHMANDU,21,True,Buddhanagar Stop Chowk / Junction,False,False,False,False,False,active,"ward,landmark,has_shelter,has_ticket_counter,wheelchair_access,audio_support",2026-08-03T02:39:13Z,2026-08-17T20:07:59Z,False,,,
S0035,Maiti Devi chowk,,27.703944,85.332682,Kathmandu,KATHMANDU,1,True,Maiti Devi chowk Chowk / Junction,False,False,False,False,False,active,"ward,landmark,has_shelter,has_ticket_counter,wheelchair_access,audio_support",2026-08-03T02:39:13Z,2026-08-17T20:07:59Z,False,,,
S0036,Singha Durbar West Stop,,27.69659,85.321228,Kathmandu,KATHMANDU,12,True,Singha Durbar West Stop Chowk / Junction,False,False,False,False,False,active,"ward,landmark,has_shelter,has_ticket_counter,wheelchair_access,audio_support",2026-08-03T02:39:13Z,2026-08-17T20:07:59Z,False,,,
S0038,Deuba Chowk stop,,27.773756,85.36033,Budhanilakantha,KATHMANDU,22,True,Deuba Chowk stop Chowk / Junction,False,False,False,False,False,active,"ward,landmark,has_shelter,has_ticket_counter,wheelchair_access,audio_support",2026-08-03T02:39:13Z,2026-08-17T20:07:59Z,False,,,
S0039,Nagarkot,,27.718471,85.519066,Changunarayan,BHAKTAPUR,29,False,Nagarkot Chowk / Junction,False,False,False,False,False,active,"ward,landmark,has_shelter,has_ticket_counter,wheelchair_access,audio_support",2026-08-03T02:39:13Z,2026-08-17T20:07:59Z,False,,,
S0040,Sundarijal,,27.757565,85.419394,Gokarneshwor,KATHMANDU,12,False,Sundarijal Chowk / Junction,False,False,False,False,False,active,"ward,landmark,has_shelter,has_ticket_counter,wheelchair_access,audio_support",2026-08-03T02:39:13Z,2026-08-17T20:07:59Z,False,,,
S0041,BishnuDevi Health Centre,,27.680562,85.276439,Kirtipur,KATHMANDU,25,False,BishnuDevi Health Centre Chowk / Junction,False,False,False,False,False,active,"ward,landmark,has_shelter,has_ticket_counter,wheelchair_access,audio_support",2026-08-03T02:39:13Z,2026-08-17T20:07:59Z,False,,,
S0042,Kamaladi Road (कमलादी) stop,,27.707997,85.321282,Kathmandu,KATHMANDU,17,True,Kamaladi Road (कमलादी) stop Chowk / Junction,False,False,False,False,False,active,"ward,landmark,has_shelter,has_ticket_counter,wheelchair_access,audio_support",2026-08-03T02:39:13Z,2026-08-17T20:07:59Z,False,,,
S0043,TU Gate,,27.67888,85.297212,Kirtipur,KATHMANDU,27,True,TU Gate Chowk / Junction,False,False,False,False,False,active,"ward,landmark,has_shelter,has_ticket_counter,wheelchair_access,audio_support",2026-08-03T02:39:13Z,2026-08-17T20:07:59Z,False,,,
S0044,Narayan Gopal Chowk,,27.740022,85.337201,Kathmandu,KATHMANDU,27,True,Narayan Gopal Chowk Chowk / Junction,False,False,False,False,False,active,"ward,landmark,has_shelter,has_ticket_counter,wheelchair_access,audio_support",2026-08-03T02:39:13Z,2026-08-17T20:07:59Z,False,,,
S0045,Ratopul,,27.708117,85.336428,Kathmandu,KATHMANDU,31,False,Ratopul Chowk / Junction,False,False,False,False,False,active,"ward,landmark,has_shelter,has_ticket_counter,wheelchair_access,audio_support",2026-08-03T02:39:13Z,2026-08-17T20:07:59Z,False,,,
S0046,Tempo Stop Near Old Baneshwar,,27.700669,85.339677,Kathmandu,KATHMANDU,10,False,Tempo Stop Near Old Baneshwar Chowk / Junction,False,False,False,False,False,active,"ward,landmark,has_shelter,has_ticket_counter,wheelchair_access,audio_support",2026-08-03T02:39:13Z,2026-08-17T20:07:59Z,False,,,
S0049,Naya Bato,,27.676114,85.293897,Kirtipur,KATHMANDU,32,True,Naya Bato Chowk / Junction,False,False,False,False,False,active,"ward,landmark,has_shelter,has_ticket_counter,wheelchair_access,audio_support",2026-08-03T02:39:13Z,2026-08-17T20:07:59Z,False,,,
S0050,Mahalaxmi Stop,,27.676102,85.433768,Bhaktapur,BHAKTAPUR,28,False,Mahalaxmi Stop Chowk / Junction,False,False,False,False,False,active,"ward,landmark,has_shelter,has_ticket_counter,wheelchair_access,audio_support",2026-08-03T02:39:13Z,2026-08-17T20:07:59Z,False,,,
S0051,Tangal,,27.717202,85.330449,Kathmandu,KATHMANDU,28,False,Tangal Chowk / Junction,False,False,False,False,False,active,"ward,landmark,has_shelter,has_ticket_counter,wheelchair_access,audio_support",2026-08-03T02:39:13Z,2026-08-17T20:07:59Z,False,,,
S0052,JayaBageshwari Stop,,27.711989,85.344999,Kathmandu,KATHMANDU,16,True,JayaBageshwari Stop Chowk / Junction,False,False,False,False,False,active,"ward,landmark,has_shelter,has_ticket_counter,wheelchair_access,audio_support",2026-08-03T02:39:13Z,2026-08-17T20:07:59Z,False,,,
S0053,Gairigaun Stop,,27.687275,85.35056,Kathmandu,KATHMANDU,15,True,Gairigaun Stop Chowk / Junction,False,False,False,False,False,active,"ward,landmark,has_shelter,has_ticket_counter,wheelchair_access,audio_support",2026-08-03T02:39:13Z,2026-08-17T20:07:59Z,False,,,
S0054,Nikap,,27.686091,85.26229,Chandragiri,KATHMANDU,30,False,Nikap Chowk / Junction,False,False,False,False,False,active,"ward,landmark,has_shelter,has_ticket_counter,wheelchair_access,audio_support",2026-08-03T02:39:13Z,2026-08-17T20:07:59Z,False,,,
S0055,Dillibazaar stop,,27.70537,85.326759,Kathmandu,KATHMANDU,30,True,Dillibazaar stop Chowk / Junction,False,False,False,False,False,active,"ward,landmark,has_shelter,has_ticket_counter,wheelchair_access,audio_support",2026-08-03T02:39:13Z,2026-08-17T20:07:59Z,False,,,
S0056,Tripureshwor,,27.694418,85.314128,Kathmandu,KATHMANDU,15,True,Tripureshwor Chowk / Junction,False,False,False,False,False,active,"ward,landmark,has_shelter,has_ticket_counter,wheelchair_access,audio_support",2026-08-03T02:39:13Z,2026-08-17T20:07:59Z,False,,,
S0058,Natole,,27.676065,85.318202,Lalitpur,LALITPUR,30,False,Natole Chowk / Junction,False,False,False,False,False,active,"ward,landmark,has_shelter,has_ticket_counter,wheelchair_access,audio_support",2026-08-03T02:39:13Z,2026-08-17T20:07:59Z,False,,,
S0059,SchEMS,,27.694334,85.337154,Kathmandu,KATHMANDU,19,False,SchEMS Chowk / Junction,False,False,False,False,False,active,"ward,landmark,has_shelter,has_ticket_counter,wheelchair_access,audio_support",2026-08-03T02:39:13Z,2026-08-17T20:07:59Z,False,,,
S0062,Babarmahal Stop East,,27.69032,85.328762,Kathmandu,KATHMANDU,23,True,Babarmahal Stop Chowk / Junction,False,False,False,False,False,active,"ward,landmark,has_shelter,has_ticket_counter,wheelchair_access,audio_support",2026-08-03T02:39:13Z,2026-08-17T20:07:59Z,False,,,
S0063,Kupondole stop,,27.688005,85.316248,Lalitpur,LALITPUR,20,True,Kupondole stop Chowk / Junction,False,False,False,False,False,active,"ward,landmark,has_shelter,has_ticket_counter,wheelchair_access,audio_support",2026-08-03T02:39:13Z,2026-08-17T20:07:59Z,False,,,
S0065,Basundhara,,27.7378,85.3215,Tokha,KATHMANDU,25,True,Basundhara Chowk / Junction,False,False,False,False,False,active,"ward,landmark,has_shelter,has_ticket_counter,wheelchair_access,audio_support",2026-08-03T02:39:13Z,2026-08-17T20:07:59Z,False,,,
S0066,Bhrikuti Mandap Stop,,27.702122,85.318738,Kathmandu,KATHMANDU,3,True,Bhrikuti Mandap Stop Chowk / Junction,False,False,False,False,False,active,"ward,landmark,has_shelter,has_ticket_counter,wheelchair_access,audio_support",2026-08-03T02:39:13Z,2026-08-17T20:07:59Z,False,,,
S0067,Shahid Gate,,27.699685,85.314748,Kathmandu,KATHMANDU,5,True,Shahid Gate Chowk / Junction,False,False,False,False,False,active,"ward,landmark,has_shelter,has_ticket_counter,wheelchair_access,audio_support",2026-08-03T02:39:13Z,2026-08-17T20:07:59Z,False,,,
S0068,Baluwatar,,27.724427,85.331034,Kathmandu,KATHMANDU,19,False,Baluwatar Chowk / Junction,False,False,False,False,False,active,"ward,landmark,has_shelter,has_ticket_counter,wheelchair_access,audio_support",2026-08-03T02:39:13Z,2026-08-17T20:07:59Z,False,,,
S0069,Naya Baneshwor Tampoo Station,Naya Baneshwor Bus Station,27.688586,85.334689,Kathmandu,KATHMANDU,7,True,Naya Baneshwor Tampoo Station Chowk / Junction,False,False,True,False,False,active,"ward,landmark,has_shelter,has_ticket_counter,wheelchair_access,audio_support",2026-08-03T02:39:13Z,2026-08-17T20:07:59Z,False,,,
S0070,Airport Bus Station,,27.700728,85.353666,Kathmandu,KATHMANDU,21,True,Airport Bus Station Chowk / Junction,False,False,False,False,False,active,"ward,landmark,has_shelter,has_ticket_counter,wheelchair_access,audio_support",2026-08-03T02:39:13Z,2026-08-17T20:07:59Z,False,,,
S0071,पिङ्गलस्थान,Pingalasthan,27.70581,85.347131,Kathmandu,KATHMANDU,9,True,पिङ्गलस्थान Chowk / Junction,False,False,False,False,False,active,"ward,landmark,has_shelter,has_ticket_counter,wheelchair_access,audio_support",2026-08-03T02:39:13Z,2026-08-17T20:07:59Z,False,,,
S0073,Chobhar Gate,,27.670449,85.290622,Kirtipur,KATHMANDU,7,False,Chobhar Gate Chowk / Junction,False,False,False,False,False,active,"ward,landmark,has_shelter,has_ticket_counter,wheelchair_access,audio_support",2026-08-03T02:39:13Z,2026-08-17T20:07:59Z,False,,,
S0075,New Baneshwor West,,27.690327,85.335954,Kathmandu,KATHMANDU,4,True,New Baneshwor Chowk / Junction,False,False,True,False,False,active,"ward,landmark,has_shelter,has_ticket_counter,wheelchair_access,audio_support",2026-08-03T02:39:13Z,2026-08-17T20:07:59Z,False,,,
S0076,Sundhara Stop,,27.700542,85.313503,Kathmandu,KATHMANDU,25,True,Sundhara Stop Chowk / Junction,False,False,False,False,False,active,"ward,landmark,has_shelter,has_ticket_counter,wheelchair_access,audio_support",2026-08-03T02:39:13Z,2026-08-17T20:07:59Z,False,,,
S0077,Apex College Stop,,27.69907,85.338327,Kathmandu,KATHMANDU,28,False,Apex College Stop Chowk / Junction,False,False,False,False,False,active,"ward,landmark,has_shelter,has_ticket_counter,wheelchair_access,audio_support",2026-08-03T02:39:13Z,2026-08-17T20:07:59Z,False,,,
S0078,Saat Tale Chowk,,27.726959,85.350484,Budhanilakantha,KATHMANDU,14,False,Saat Tale Chowk Chowk / Junction,False,False,False,False,False,active,"ward,landmark,has_shelter,has_ticket_counter,wheelchair_access,audio_support",2026-08-03T02:39:13Z,2026-08-17T20:07:59Z,False,,,
S0082,Panipokhari stop,,27.730686,85.325986,Kathmandu,KATHMANDU,26,True,Panipokhari stop Chowk / Junction,False,False,False,False,False,active,"ward,landmark,has_shelter,has_ticket_counter,wheelchair_access,audio_support",2026-08-03T02:39:13Z,2026-08-17T20:07:59Z,False,,,
S0083,Gyaneshwor Chowk,,27.708687,85.331826,Kathmandu,KATHMANDU,9,False,Gyaneshwor Chowk Chowk / Junction,False,False,False,False,False,active,"ward,landmark,has_shelter,has_ticket_counter,wheelchair_access,audio_support",2026-08-03T02:39:13Z,2026-08-17T20:07:59Z,False,,,
S0084,Panga Dobato,,27.674758,85.280408,Kirtipur,KATHMANDU,26,False,Panga Dobato Chowk / Junction,False,False,False,False,False,active,"ward,landmark,has_shelter,has_ticket_counter,wheelchair_access,audio_support",2026-08-03T02:39:13Z,2026-08-17T20:07:59Z,False,,,
S0086,Tourism Board Stop,,27.702332,85.3168,Kathmandu,KATHMANDU,21,True,Tourism Board Stop Chowk / Junction,False,False,False,False,False,active,"ward,landmark,has_shelter,has_ticket_counter,wheelchair_access,audio_support",2026-08-03T02:39:13Z,2026-08-17T20:07:59Z,False,,,
S0087,Lainchaur stop,,27.718757,85.317697,Kathmandu,KATHMANDU,2,True,Lainchaur stop Chowk / Junction,False,False,False,False,False,active,"ward,landmark,has_shelter,has_ticket_counter,wheelchair_access,audio_support",2026-08-03T02:39:13Z,2026-08-17T20:07:59Z,False,,,
S0088,Bhadrakali,,27.699094,85.317485,Kathmandu,KATHMANDU,20,True,Bhadrakali Chowk / Junction,False,False,False,False,False,active,"ward,landmark,has_shelter,has_ticket_counter,wheelchair_access,audio_support",2026-08-03T02:39:13Z,2026-08-17T20:07:59Z,False,,,
S0089,Suryabinayek,,27.66574,85.424212,Suryabinayak,BHAKTAPUR,28,False,Suryabinayek Chowk / Junction,False,False,False,False,False,active,"ward,landmark,has_shelter,has_ticket_counter,wheelchair_access,audio_support",2026-08-03T02:39:13Z,2026-08-17T20:07:59Z,False,,,
S0090,Sitapaila Stop,,27.7086,85.2868,Nagarjun,KATHMANDU,15,False,Sitapaila Stop Chowk / Junction,False,False,False,False,False,active,"ward,landmark,has_shelter,has_ticket_counter,wheelchair_access,audio_support",2026-08-03T02:39:13Z,2026-08-17T20:07:59Z,False,,,
S0092,Gathaghar,,27.674014,85.373177,Madhyapur Thimi,BHAKTAPUR,7,True,Gathaghar Chowk / Junction,False,False,False,False,False,active,"ward,landmark,has_shelter,has_ticket_counter,wheelchair_access,audio_support",2026-08-03T02:39:13Z,2026-08-17T20:07:59Z,False,,,
S0094,Krishna Pauroti Stop,,27.710369,85.322281,Kathmandu,KATHMANDU,12,True,Krishna Pauroti Stop Chowk / Junction,False,False,False,False,False,active,"ward,landmark,has_shelter,has_ticket_counter,wheelchair_access,audio_support",2026-08-03T02:39:13Z,2026-08-17T20:07:59Z,False,,,
S0095,Sallaghari Stop,,27.669934,85.41116,Suryabinayak,BHAKTAPUR,29,False,Sallaghari Stop Chowk / Junction,False,False,False,False,False,active,"ward,landmark,has_shelter,has_ticket_counter,wheelchair_access,audio_support",2026-08-03T02:39:13Z,2026-08-17T20:07:59Z,False,,,
S0096,Budhanilkantha Micro Stand,,27.776459,85.361934,Budhanilakantha,KATHMANDU,8,True,Budhanilkantha Micro Stand Chowk / Junction,False,False,False,False,False,active,"ward,landmark,has_shelter,has_ticket_counter,wheelchair_access,audio_support",2026-08-03T02:39:13Z,2026-08-17T20:07:59Z,False,,,
S0097,Maitighar,,27.693965,85.320962,Kathmandu,KATHMANDU,15,True,Maitighar Chowk / Junction,False,False,False,False,False,active,"ward,landmark,has_shelter,has_ticket_counter,wheelchair_access,audio_support",2026-08-03T02:39:13Z,2026-08-17T20:07:59Z,False,,,
S0098,Tinkune Bhaktapur,,27.672289,85.406828,Suryabinayak,BHAKTAPUR,3,True,Tinkune Bhaktapur Chowk / Junction,False,False,False,False,False,active,"ward,landmark,has_shelter,has_ticket_counter,wheelchair_access,audio_support",2026-08-03T02:39:13Z,2026-08-17T20:07:59Z,False,,,
S0099,Babarmahal Stop West,,27.692337,85.3244,Kathmandu,KATHMANDU,14,True,Babarmahal Stop Chowk / Junction,False,False,False,False,False,active,"ward,landmark,has_shelter,has_ticket_counter,wheelchair_access,audio_support",2026-08-03T02:39:13Z,2026-08-17T20:07:59Z,False,,,
S0100,RNAC stop,,27.70221,85.313638,Kathmandu,KATHMANDU,17,True,RNAC stop Chowk / Junction,False,False,False,False,False,active,"ward,landmark,has_shelter,has_ticket_counter,wheelchair_access,audio_support",2026-08-03T02:39:13Z,2026-08-17T20:07:59Z,False,,,
S0101,MAV School,,27.657068,85.326288,Lalitpur,LALITPUR,4,False,MAV School Chowk / Junction,False,False,False,False,False,active,"ward,landmark,has_shelter,has_ticket_counter,wheelchair_access,audio_support",2026-08-03T02:39:13Z,2026-08-17T20:07:59Z,False,,,
S0102,New Plaza Stop,,27.700951,85.322918,Kathmandu,KATHMANDU,18,True,New Plaza Stop Chowk / Junction,False,False,False,False,False,active,"ward,landmark,has_shelter,has_ticket_counter,wheelchair_access,audio_support",2026-08-03T02:39:13Z,2026-08-17T20:07:59Z,False,,,
S0103,Jawlakhel Stop,,27.672577,85.314174,Lalitpur,LALITPUR,8,True,Jawlakhel Stop Chowk / Junction,False,False,False,False,False,active,"ward,landmark,has_shelter,has_ticket_counter,wheelchair_access,audio_support",2026-08-03T02:39:13Z,2026-08-17T20:07:59Z,False,,,
S0104,Lubhu Bus Stop,,27.642901,85.373398,Mahalaxmi,LALITPUR,4,False,Lubhu Bus Stop Chowk / Junction,False,False,False,False,False,active,"ward,landmark,has_shelter,has_ticket_counter,wheelchair_access,audio_support",2026-08-03T02:39:13Z,2026-08-17T20:07:59Z,False,,,
S0105,Bhatbhatini Stop,,27.719211,85.331082,Kathmandu,KATHMANDU,2,False,Bhatbhatini Stop Chowk / Junction,False,False,False,False,False,active,"ward,landmark,has_shelter,has_ticket_counter,wheelchair_access,audio_support",2026-08-03T02:39:13Z,2026-08-17T20:07:59Z,False,,,
S0106,Nakhu Stop,,27.668972,85.306293,Lalitpur,LALITPUR,30,False,Nakhu Stop Chowk / Junction,False,False,False,False,False,active,"ward,landmark,has_shelter,has_ticket_counter,wheelchair_access,audio_support",2026-08-03T02:39:13Z,2026-08-17T20:07:59Z,False,,,
S0107,Koteshwor Stop,,27.679396,85.349594,Kathmandu,KATHMANDU,6,True,Koteshwor Stop Chowk / Junction,False,False,True,False,False,active,"ward,landmark,has_shelter,has_ticket_counter,wheelchair_access,audio_support",2026-08-03T02:39:13Z,2026-08-17T20:07:59Z,False,,,
S0108,Thapagaun Stop,,27.691133,85.334031,Kathmandu,KATHMANDU,22,True,Thapagaun Stop Chowk / Junction,False,False,False,False,False,active,"ward,landmark,has_shelter,has_ticket_counter,wheelchair_access,audio_support",2026-08-03T02:39:13Z,2026-08-17T20:07:59Z,False,,,
S0109,Chapal Karkhana stop,,27.734807,85.342234,Kathmandu,KATHMANDU,10,True,Chapal Karkhana stop Chowk / Junction,False,False,False,False,False,active,"ward,landmark,has_shelter,has_ticket_counter,wheelchair_access,audio_support",2026-08-03T02:39:13Z,2026-08-17T20:07:59Z,False,,,
S0110,Thimi Stop,,27.673336,85.386293,Madhyapur Thimi,BHAKTAPUR,4,False,Thimi Stop Chowk / Junction,False,False,False,False,False,active,"ward,landmark,has_shelter,has_ticket_counter,wheelchair_access,audio_support",2026-08-03T02:39:13Z,2026-08-17T20:07:59Z,False,,,
S0112,Lagankhel Stop,,27.6668,85.3219,Lalitpur,LALITPUR,29,True,Lagankhel Stop Chowk / Junction,False,False,True,False,False,active,"ward,landmark,has_shelter,has_ticket_counter,wheelchair_access,audio_support",2026-08-03T02:39:13Z,2026-08-17T20:07:59Z,False,,,
S0113,Balaju,,27.7275,85.3005,Kathmandu,KATHMANDU,31,True,Balaju Chowk / Junction,False,False,True,False,False,active,"ward,landmark,has_shelter,has_ticket_counter,wheelchair_access,audio_support",2026-08-03T02:39:13Z,2026-08-17T20:07:59Z,False,,,
S0115,Milan Chowk Stop,,27.695169,85.340638,Kathmandu,KATHMANDU,26,False,Milan Chowk Stop Chowk / Junction,False,False,False,False,False,active,"ward,landmark,has_shelter,has_ticket_counter,wheelchair_access,audio_support",2026-08-03T02:39:13Z,2026-08-17T20:07:59Z,False,,,
S0117,Sanga,,27.641915,85.477679,Suryabinayak,BHAKTAPUR,12,False,Sanga Chowk / Junction,False,False,False,False,False,active,"ward,landmark,has_shelter,has_ticket_counter,wheelchair_access,audio_support",2026-08-03T02:39:13Z,2026-08-17T20:07:59Z,False,,,
S0118,Dhumbarahi,,27.731787,85.344365,Kathmandu,KATHMANDU,2,True,Dhumbarahi Chowk / Junction,False,False,False,False,False,active,"ward,landmark,has_shelter,has_ticket_counter,wheelchair_access,audio_support",2026-08-03T02:39:13Z,2026-08-17T20:07:59Z,False,,,
S0119,Thankot Checkpost,,27.689002,85.227229,Chandragiri,KATHMANDU,10,False,Thankot Checkpost Chowk / Junction,False,False,False,False,False,active,"ward,landmark,has_shelter,has_ticket_counter,wheelchair_access,audio_support",2026-08-03T02:39:13Z,2026-08-17T20:07:59Z,False,,,
S0120,Gothatar,,27.703133,85.369443,Kathmandu,KATHMANDU,30,False,Gothatar Chowk / Junction,False,False,False,False,False,active,"ward,landmark,has_shelter,has_ticket_counter,wheelchair_access,audio_support",2026-08-03T02:39:13Z,2026-08-17T20:07:59Z,False,,,
S0121,Banepa Tindobato,,27.631218,85.51877,Banepa,KAVREPALANCHOK,4,False,Banepa Tindobato Chowk / Junction,False,False,False,False,False,active,"ward,landmark,has_shelter,has_ticket_counter,wheelchair_access,audio_support",2026-08-03T02:39:13Z,2026-08-17T20:07:59Z,False,,,
S0123,Naxal Bhagwati,,27.712698,85.328691,Kathmandu,KATHMANDU,31,False,Naxal Bhagwati Chowk / Junction,False,False,False,False,False,active,"ward,landmark,has_shelter,has_ticket_counter,wheelchair_access,audio_support",2026-08-03T02:39:13Z,2026-08-17T20:07:59Z,False,,,
S0124,Teaching Hospital stop,,27.734523,85.330711,Kathmandu,KATHMANDU,16,True,Teaching Hospital stop Chowk / Junction,False,False,False,False,False,active,"ward,landmark,has_shelter,has_ticket_counter,wheelchair_access,audio_support",2026-08-03T02:39:13Z,2026-08-17T20:07:59Z,False,,,
S0125,Attarkhel,,27.734548,85.382452,Gokarneshwor,KATHMANDU,15,False,Attarkhel Chowk / Junction,False,False,False,False,False,active,"ward,landmark,has_shelter,has_ticket_counter,wheelchair_access,audio_support",2026-08-03T02:39:13Z,2026-08-17T20:07:59Z,False,,,
S0126,Maitidevi Temple stop,,27.706412,85.333733,Kathmandu,KATHMANDU,8,False,Maitidevi Temple stop Chowk / Junction,False,False,False,False,False,active,"ward,landmark,has_shelter,has_ticket_counter,wheelchair_access,audio_support",2026-08-03T02:39:13Z,2026-08-17T20:07:59Z,False,,,
S0127,Shantinagar Stop,,27.687086,85.341372,Kathmandu,KATHMANDU,14,True,Shantinagar Stop Chowk / Junction,False,False,False,False,False,active,"ward,landmark,has_shelter,has_ticket_counter,wheelchair_access,audio_support",2026-08-03T02:39:13Z,2026-08-17T20:07:59Z,False,,,
S0129,Bungmati,,27.62857,85.304032,Lalitpur,LALITPUR,23,False,Bungmati Chowk / Junction,False,False,False,False,False,active,"ward,landmark,has_shelter,has_ticket_counter,wheelchair_access,audio_support",2026-08-03T02:39:13Z,2026-08-17T20:07:59Z,False,,,
S0130,Kalanki,,27.6938,85.2818,Kathmandu,KATHMANDU,28,True,Kalanki Chowk / Junction,False,False,True,False,False,active,"ward,landmark,has_shelter,has_ticket_counter,wheelchair_access,audio_support",2026-08-03T02:39:13Z,2026-08-17T20:07:59Z,False,,,
S0133,Saughal,,27.670479,85.327219,Lalitpur,LALITPUR,30,False,Saughal Chowk / Junction,False,False,False,False,False,active,"ward,landmark,has_shelter,has_ticket_counter,wheelchair_access,audio_support",2026-08-03T02:39:13Z,2026-08-17T20:07:59Z,False,,,
S0134,Gopi Krishna Stop,,27.720629,85.346099,Kathmandu,KATHMANDU,8,True,Gopi Krishna Stop Chowk / Junction,False,False,False,False,False,active,"ward,landmark,has_shelter,has_ticket_counter,wheelchair_access,audio_support",2026-08-03T02:39:13Z,2026-08-17T20:07:59Z,False,,,
S0135,Jorpati,,27.721763,85.372632,Kathmandu,KATHMANDU,21,True,Jorpati Chowk / Junction,False,False,False,False,False,active,"ward,landmark,has_shelter,has_ticket_counter,wheelchair_access,audio_support",2026-08-03T02:39:13Z,2026-08-17T20:07:59Z,False,,,
S0136,Banepa,,27.630047,85.523985,Banepa,KAVREPALANCHOK,16,False,Banepa Chowk / Junction,False,False,False,False,False,active,"ward,landmark,has_shelter,has_ticket_counter,wheelchair_access,audio_support",2026-08-03T02:39:13Z,2026-08-17T20:07:59Z,False,,,
S0137,Ghantaghar (घण्टाघर) stop,,27.708043,85.317116,Kathmandu,KATHMANDU,13,True,Ghantaghar (घण्टाघर) stop Chowk / Junction,False,False,False,False,False,active,"ward,landmark,has_shelter,has_ticket_counter,wheelchair_access,audio_support",2026-08-03T02:39:13Z,2026-08-17T20:07:59Z,False,,,
S0138,Khumaltar Stop,,27.65382,85.329107,Lalitpur,LALITPUR,18,False,Khumaltar Stop Chowk / Junction,False,False,False,False,False,active,"ward,landmark,has_shelter,has_ticket_counter,wheelchair_access,audio_support",2026-08-03T02:39:13Z,2026-08-17T20:07:59Z,False,,,
S0139,Sinamangal/Ring Road Stop सिनामंगल,,27.695244,85.355023,Kathmandu,KATHMANDU,15,True,Sinamangal/Ring Road Stop सिनामंगल Chowk / Junction,False,False,False,False,False,active,"ward,landmark,has_shelter,has_ticket_counter,wheelchair_access,audio_support",2026-08-03T02:39:13Z,2026-08-17T20:07:59Z,False,,,
S0140,Gokarna Bus Stop,,27.740306,85.39072,Gokarneshwor,KATHMANDU,21,False,Gokarna Bus Stop Chowk / Junction,False,False,False,False,False,active,"ward,landmark,has_shelter,has_ticket_counter,wheelchair_access,audio_support",2026-08-03T02:39:13Z,2026-08-17T20:07:59Z,False,,,
S0141,Tyogal,,27.668631,85.329848,Lalitpur,LALITPUR,24,False,Tyogal Chowk / Junction,False,False,False,False,False,active,"ward,landmark,has_shelter,has_ticket_counter,wheelchair_access,audio_support",2026-08-03T02:39:13Z,2026-08-17T20:07:59Z,False,,,
S0142,UN Stop,,27.678104,85.316327,Lalitpur,LALITPUR,26,True,UN Stop Chowk / Junction,False,False,False,False,False,active,"ward,landmark,has_shelter,has_ticket_counter,wheelchair_access,audio_support",2026-08-03T02:39:13Z,2026-08-17T20:07:59Z,False,,,
S0143,Budhanilkantha School Blue Micro Stand,,27.778969,85.358998,Budhanilakantha,KATHMANDU,25,False,Budhanilkantha School Blue Micro Stand Chowk / Junction,False,False,False,False,False,active,"ward,landmark,has_shelter,has_ticket_counter,wheelchair_access,audio_support",2026-08-03T02:39:13Z,2026-08-17T20:07:59Z,False,,,
S0144,Shivapuri Park Stop,,27.791067,85.37041,Budhanilakantha,KATHMANDU,28,False,Shivapuri Park Stop Chowk / Junction,False,False,False,False,False,active,"ward,landmark,has_shelter,has_ticket_counter,wheelchair_access,audio_support",2026-08-03T02:39:13Z,2026-08-17T20:07:59Z,False,,,
S0145,Chyamasingh,,27.673427,85.438368,Bhaktapur,BHAKTAPUR,28,False,Chyamasingh Chowk / Junction,False,False,False,False,False,active,"ward,landmark,has_shelter,has_ticket_counter,wheelchair_access,audio_support",2026-08-03T02:39:13Z,2026-08-17T20:07:59Z,False,,,
S0146,Sakhu Stop,,27.727684,85.461668,Shankharapur,KATHMANDU,28,False,Sakhu Stop Chowk / Junction,False,False,False,False,False,active,"ward,landmark,has_shelter,has_ticket_counter,wheelchair_access,audio_support",2026-08-03T02:39:13Z,2026-08-17T20:07:59Z,False,,,
S0147,Radhe Radhe,,27.67459,85.39748,Madhyapur Thimi,BHAKTAPUR,13,True,Radhe Radhe Chowk / Junction,False,False,False,False,False,active,"ward,landmark,has_shelter,has_ticket_counter,wheelchair_access,audio_support",2026-08-03T02:39:13Z,2026-08-17T20:07:59Z,False,,,
S0148,Sinamangal,,27.698432,85.348521,Kathmandu,KATHMANDU,9,False,Sinamangal Chowk / Junction,False,False,False,False,False,active,"ward,landmark,has_shelter,has_ticket_counter,wheelchair_access,audio_support",2026-08-03T02:39:13Z,2026-08-17T20:07:59Z,False,,,
S0149,Lazimpat stop,,27.722523,85.320924,Kathmandu,KATHMANDU,29,True,Lazimpat stop Chowk / Junction,False,False,False,False,False,active,"ward,landmark,has_shelter,has_ticket_counter,wheelchair_access,audio_support",2026-08-03T02:39:13Z,2026-08-17T20:07:59Z,False,,,
S0152,Jamal,,27.708829,85.315292,Kathmandu,KATHMANDU,13,True,Jamal Chowk / Junction,False,False,False,False,False,active,"ward,landmark,has_shelter,has_ticket_counter,wheelchair_access,audio_support",2026-08-03T02:39:13Z,2026-08-17T20:07:59Z,False,,,
S0154,Mangalbazar,,27.672641,85.32499,Lalitpur,LALITPUR,1,False,Mangalbazar Chowk / Junction,False,False,False,False,False,active,"ward,landmark,has_shelter,has_ticket_counter,wheelchair_access,audio_support",2026-08-03T02:39:13Z,2026-08-17T20:07:59Z,False,,,
S0155,Patan Hospital,,27.668489,85.321642,Lalitpur,LALITPUR,25,False,Patan Hospital Chowk / Junction,False,False,False,False,False,active,"ward,landmark,has_shelter,has_ticket_counter,wheelchair_access,audio_support",2026-08-03T02:39:13Z,2026-08-17T20:07:59Z,False,,,
S0156,Pepsi Cola Chowk,,27.689209,85.360354,Kathmandu,KATHMANDU,7,False,Pepsi Cola Chowk Chowk / Junction,False,False,False,False,False,active,"ward,landmark,has_shelter,has_ticket_counter,wheelchair_access,audio_support",2026-08-03T02:39:13Z,2026-08-17T20:07:59Z,False,,,
S0158,Bansbari stop,,27.745758,85.342373,Kathmandu,KATHMANDU,24,True,Bansbari stop Chowk / Junction,False,False,False,False,False,active,"ward,landmark,has_shelter,has_ticket_counter,wheelchair_access,audio_support",2026-08-03T02:39:13Z,2026-08-17T20:07:59Z,False,,,
S0159,Jadibuti,,27.675459,85.3516,Kathmandu,KATHMANDU,1,True,Jadibuti Chowk / Junction,False,False,False,False,False,active,"ward,landmark,has_shelter,has_ticket_counter,wheelchair_access,audio_support",2026-08-03T02:39:13Z,2026-08-17T20:07:59Z,False,,,
S0160,Bansdol,,27.632201,85.494012,Banepa,KAVREPALANCHOK,12,False,Bansdol Chowk / Junction,False,False,False,False,False,active,"ward,landmark,has_shelter,has_ticket_counter,wheelchair_access,audio_support",2026-08-03T02:39:13Z,2026-08-17T20:07:59Z,False,,,
S0162,Thulo Bharang Stop,,27.719748,85.287051,Nagarjun,KATHMANDU,8,False,Thulo Bharang Stop Chowk / Junction,False,False,False,False,False,active,"ward,landmark,has_shelter,has_ticket_counter,wheelchair_access,audio_support",2026-08-03T02:39:13Z,2026-08-17T20:07:59Z,False,,,
S0165,Mahakali Stop,,27.675964,85.431831,Bhaktapur,BHAKTAPUR,11,False,Mahakali Stop Chowk / Junction,False,False,False,False,False,active,"ward,landmark,has_shelter,has_ticket_counter,wheelchair_access,audio_support",2026-08-03T02:39:13Z,2026-08-17T20:07:59Z,False,,,
S0166,Kantipath,,27.708912,85.314607,Kathmandu,KATHMANDU,19,True,Kantipath Chowk / Junction,False,False,False,False,False,active,"ward,landmark,has_shelter,has_ticket_counter,wheelchair_access,audio_support",2026-08-03T02:39:13Z,2026-08-17T20:07:59Z,False,,,
S0167,ShivaDarshan Hall Stop,,27.692336,85.336217,Kathmandu,KATHMANDU,17,True,ShivaDarshan Hall Stop Chowk / Junction,False,False,False,False,False,active,"ward,landmark,has_shelter,has_ticket_counter,wheelchair_access,audio_support",2026-08-03T02:39:13Z,2026-08-17T20:07:59Z,False,,,
S0168,Jwagal,,27.685593,85.318106,Lalitpur,LALITPUR,8,True,Jwagal Chowk / Junction,False,False,False,False,False,active,"ward,landmark,has_shelter,has_ticket_counter,wheelchair_access,audio_support",2026-08-03T02:39:13Z,2026-08-17T20:07:59Z,False,,,
S0169,Gongabu Chowk,,27.734978,85.314447,Tokha,KATHMANDU,3,True,Gongabu Chowk Chowk / Junction,False,False,True,False,False,active,"ward,landmark,has_shelter,has_ticket_counter,wheelchair_access,audio_support",2026-08-03T02:39:13Z,2026-08-17T20:07:59Z,False,,,
S0171,Bir Hospital,,27.705723,85.314074,Kathmandu,KATHMANDU,1,True,Bir Hospital Chowk / Junction,False,False,False,False,False,active,"ward,landmark,has_shelter,has_ticket_counter,wheelchair_access,audio_support",2026-08-03T02:39:13Z,2026-08-17T20:07:59Z,False,,,
S0172,Hyatt Regency,,27.7194,85.354109,Kathmandu,KATHMANDU,27,True,Hyatt Regency Chowk / Junction,False,False,False,False,False,active,"ward,landmark,has_shelter,has_ticket_counter,wheelchair_access,audio_support",2026-08-03T02:39:13Z,2026-08-17T20:07:59Z,False,,,
S0173,Dakshinkali,,27.613062,85.264669,Dakshinkali,KATHMANDU,5,False,Dakshinkali Chowk / Junction,False,False,False,False,False,active,"ward,landmark,has_shelter,has_ticket_counter,wheelchair_access,audio_support",2026-08-03T02:39:13Z,2026-08-17T20:07:59Z,False,,,
S0174,Naya Bus Park,,27.7303,85.3082,Kathmandu,KATHMANDU,10,False,Naya Bus Park Chowk / Junction,False,False,False,False,False,active,"ward,landmark,has_shelter,has_ticket_counter,wheelchair_access,audio_support",2026-08-03T02:39:13Z,2026-08-17T20:07:59Z,False,,,
S0176,Budhanilkantha Stop,,27.776743,85.36214,Budhanilakantha,KATHMANDU,26,True,Budhanilkantha Stop Chowk / Junction,False,False,False,False,False,active,"ward,landmark,has_shelter,has_ticket_counter,wheelchair_access,audio_support",2026-08-03T02:39:13Z,2026-08-17T20:07:59Z,False,,,
S0177,Balaju Chowk Bus Stop,,27.726165,85.304975,Kathmandu,KATHMANDU,9,True,Balaju Chowk Bus Stop Chowk / Junction,False,False,True,False,False,active,"ward,landmark,has_shelter,has_ticket_counter,wheelchair_access,audio_support",2026-08-03T02:39:13Z,2026-08-17T20:07:59Z,False,,,
S0178,Adarsha,,27.666463,85.433093,Bhaktapur,BHAKTAPUR,28,False,Adarsha Chowk / Junction,False,False,False,False,False,active,"ward,landmark,has_shelter,has_ticket_counter,wheelchair_access,audio_support",2026-08-03T02:39:13Z,2026-08-17T20:07:59Z,False,,,
S0179,Khokana,,27.635969,85.300606,Lalitpur,LALITPUR,7,False,Khokana Chowk / Junction,False,False,False,False,False,active,"ward,landmark,has_shelter,has_ticket_counter,wheelchair_access,audio_support",2026-08-03T02:39:13Z,2026-08-17T20:07:59Z,False,,,
S0180,Sangam Chowk Stop,,27.693196,85.340502,Kathmandu,KATHMANDU,9,False,Sangam Chowk Stop Chowk / Junction,False,False,False,False,False,active,"ward,landmark,has_shelter,has_ticket_counter,wheelchair_access,audio_support",2026-08-03T02:39:13Z,2026-08-17T20:07:59Z,False,,,
S0182,B & B Hospital/KCM Stop,,27.664221,85.330151,Lalitpur,LALITPUR,8,False,B & B Hospital/KCM Stop Chowk / Junction,False,False,False,False,False,active,"ward,landmark,has_shelter,has_ticket_counter,wheelchair_access,audio_support",2026-08-03T02:39:13Z,2026-08-17T20:07:59Z,False,,,
S0183,Dhulikhel Stop,,27.618415,85.554015,Dhulikhel,KAVREPALANCHOK,12,False,Dhulikhel Stop Chowk / Junction,False,False,False,False,False,active,"ward,landmark,has_shelter,has_ticket_counter,wheelchair_access,audio_support",2026-08-03T02:39:13Z,2026-08-17T20:07:59Z,True,,,
S0187,Samakhusi Stop,,27.7335,85.3125,Tokha,KATHMANDU,1,True,Samakhusi Stop Chowk / Junction,False,False,False,False,False,active,"ward,landmark,has_shelter,has_ticket_counter,wheelchair_access,audio_support",2026-08-03T02:39:13Z,2026-08-17T20:07:59Z,False,,,
S0188,Gairidhara,,27.717774,85.327892,Kathmandu,KATHMANDU,16,False,Gairidhara Chowk / Junction,False,False,False,False,False,active,"ward,landmark,has_shelter,has_ticket_counter,wheelchair_access,audio_support",2026-08-03T02:39:13Z,2026-08-17T20:07:59Z,False,,,
S0189,Sanepa height,,27.674468,85.302217,Lalitpur,LALITPUR,23,False,Sanepa height Chowk / Junction,False,False,False,False,False,active,"ward,landmark,has_shelter,has_ticket_counter,wheelchair_access,audio_support",2026-08-03T02:39:13Z,2026-08-17T20:07:59Z,False,,,
S0190,Jagati,,27.666463,85.436463,Bhaktapur,BHAKTAPUR,23,False,Jagati Chowk / Junction,False,False,False,False,False,active,"ward,landmark,has_shelter,has_ticket_counter,wheelchair_access,audio_support",2026-08-03T02:39:13Z,2026-08-17T20:07:59Z,False,,,
S0194,Batuk Bhairav,,27.664475,85.324003,Lalitpur,LALITPUR,24,True,Batuk Bhairav Chowk / Junction,False,False,False,False,False,active,"ward,landmark,has_shelter,has_ticket_counter,wheelchair_access,audio_support",2026-08-03T02:39:13Z,2026-08-17T20:07:59Z,False,,,
S0195,Chabahil चाबाहील,,27.717,85.3465,Kathmandu,KATHMANDU,5,True,Chabahil चाबाहील Chowk / Junction,False,False,True,False,False,active,"ward,landmark,has_shelter,has_ticket_counter,wheelchair_access,audio_support",2026-08-03T02:39:13Z,2026-08-17T20:07:59Z,False,,,
S0196,Anamnagar Stop,,27.699488,85.3286,Kathmandu,KATHMANDU,3,True,Anamnagar Stop Chowk / Junction,False,False,False,False,False,active,"ward,landmark,has_shelter,has_ticket_counter,wheelchair_access,audio_support",2026-08-03T02:39:13Z,2026-08-17T20:07:59Z,False,,,
S0197,Police Headquarter Stop,,27.716634,85.330214,Kathmandu,KATHMANDU,12,False,Police Headquarter Stop Chowk / Junction,False,False,False,False,False,active,"ward,landmark,has_shelter,has_ticket_counter,wheelchair_access,audio_support",2026-08-03T02:39:13Z,2026-08-17T20:07:59Z,False,,,
S0198,Ratnapark(purano bus park),,27.703654,85.316517,Kathmandu,KATHMANDU,8,True,Purano Bus Park Chowk / Junction,False,False,False,False,False,active,"ward,landmark,has_shelter,has_ticket_counter,wheelchair_access,audio_support",2026-08-03T02:39:13Z,2026-08-17T20:07:59Z,False,,,
S0200,Lamatar,,27.628007,85.395369,Mahalaxmi,LALITPUR,22,False,Lamatar Chowk / Junction,False,False,False,False,False,active,"ward,landmark,has_shelter,has_ticket_counter,wheelchair_access,audio_support",2026-08-03T02:39:13Z,2026-08-17T20:07:59Z,False,,,
S0202,Srijananagar,,27.672911,85.404267,Suryabinayak,BHAKTAPUR,3,True,Srijananagar Chowk / Junction,False,False,False,False,False,active,"ward,landmark,has_shelter,has_ticket_counter,wheelchair_access,audio_support",2026-08-03T02:39:13Z,2026-08-17T20:07:59Z,False,,,
S0203,Tinkune Subidhanagar,,27.686056,85.345662,Kathmandu,KATHMANDU,1,True,Tinkune Subidhanagar Chowk / Junction,False,False,False,False,False,active,"ward,landmark,has_shelter,has_ticket_counter,wheelchair_access,audio_support",2026-08-03T02:39:13Z,2026-08-17T20:07:59Z,False,,,
S0204,Gaushala Chowk Stop,,27.707725,85.343299,Kathmandu,KATHMANDU,3,True,Gaushala Chowk Stop Chowk / Junction,False,False,False,False,False,active,"ward,landmark,has_shelter,has_ticket_counter,wheelchair_access,audio_support",2026-08-03T02:39:13Z,2026-08-17T20:07:59Z,False,,,
S0205,Ratna Rajya Stop,,27.695667,85.33762,Kathmandu,KATHMANDU,5,False,Ratna Rajya Stop Chowk / Junction,False,False,False,False,False,active,"ward,landmark,has_shelter,has_ticket_counter,wheelchair_access,audio_support",2026-08-03T02:39:13Z,2026-08-17T20:07:59Z,False,,,
S0207,ASCOL Stop,,27.71738,85.314811,Kathmandu,KATHMANDU,14,False,ASCOL Stop Chowk / Junction,False,False,False,False,False,active,"ward,landmark,has_shelter,has_ticket_counter,wheelchair_access,audio_support",2026-08-03T02:39:13Z,2026-08-17T20:07:59Z,False,,,
S0208,Panauti,,27.587136,85.513334,Panauti,KAVREPALANCHOK,3,False,Panauti Chowk / Junction,False,False,False,False,False,active,"ward,landmark,has_shelter,has_ticket_counter,wheelchair_access,audio_support",2026-08-03T02:39:13Z,2026-08-17T20:07:59Z,False,,,
S0209,Singha Durbar East Stop,,27.696608,85.32815,Kathmandu,KATHMANDU,1,True,Singha Durbar East Stop Chowk / Junction,False,False,False,False,False,active,"ward,landmark,has_shelter,has_ticket_counter,wheelchair_access,audio_support",2026-08-03T02:39:13Z,2026-08-17T20:07:59Z,False,,,
S0210,Ciy Center Stop,,27.709819,85.326984,Kathmandu,KATHMANDU,5,False,Ciy Center Stop Chowk / Junction,False,False,False,False,False,active,"ward,landmark,has_shelter,has_ticket_counter,wheelchair_access,audio_support",2026-08-03T02:39:13Z,2026-08-17T20:07:59Z,False,,,
S0211,Swayambhu Parikarma,,27.7125,85.2862,Kathmandu,KATHMANDU,26,False,Swayambhu Parikarma Chowk / Junction,False,False,False,False,False,active,"ward,landmark,has_shelter,has_ticket_counter,wheelchair_access,audio_support",2026-08-03T02:39:13Z,2026-08-17T20:07:59Z,False,,,
S0212,Banasthali,,27.72483,85.297605,Kathmandu,KATHMANDU,23,False,Banasthali Chowk / Junction,False,False,False,False,False,active,"ward,landmark,has_shelter,has_ticket_counter,wheelchair_access,audio_support",2026-08-03T02:39:13Z,2026-08-17T20:07:59Z,False,,,
S0214,Ekantakuna,,27.666740,85.308312,Lalitpur,LALITPUR,31,True,Ekantakuna Chowk / Junction,False,False,False,False,False,active,"ward,landmark,has_shelter,has_ticket_counter,wheelchair_access,audio_support",2026-08-03T02:39:13Z,2026-08-17T20:07:59Z,False,,,
S0216,Thecho,,27.6153,85.319176,Godawari,LALITPUR,7,False,Thecho Chowk / Junction,False,False,False,False,False,active,"ward,landmark,has_shelter,has_ticket_counter,wheelchair_access,audio_support",2026-08-03T02:39:13Z,2026-08-17T20:07:59Z,False,,,
S0217,Sukedhara Stop,,27.7245,85.3438,Kathmandu,KATHMANDU,27,True,Sukedhara Stop Chowk / Junction,False,False,False,False,False,active,"ward,landmark,has_shelter,has_ticket_counter,wheelchair_access,audio_support",2026-08-03T02:39:13Z,2026-08-17T20:07:59Z,False,,,
S0219,Lagankhel,,27.662461,85.323946,Lalitpur,LALITPUR,15,True,Lagankhel Chowk / Junction,False,False,True,False,False,active,"ward,landmark,has_shelter,has_ticket_counter,wheelchair_access,audio_support",2026-08-03T02:39:13Z,2026-08-17T20:07:59Z,False,,,
S0220,Balkumari Bridge Stop,,27.673762,85.342508,Lalitpur,LALITPUR,15,True,Balkumari Bridge Stop Chowk / Junction,False,False,False,False,False,active,"ward,landmark,has_shelter,has_ticket_counter,wheelchair_access,audio_support",2026-08-03T02:39:13Z,2026-08-17T20:07:59Z,False,,,
S0221,Naya Bazar,,27.677149,85.28139,Kirtipur,KATHMANDU,26,False,Naya Bazar Chowk / Junction,False,False,False,False,False,active,"ward,landmark,has_shelter,has_ticket_counter,wheelchair_access,audio_support",2026-08-03T02:39:13Z,2026-08-17T20:07:59Z,False,,,
S0222,Old Baneshwor,,27.70152,85.340204,Kathmandu,KATHMANDU,10,True,Old Baneshwor Chowk / Junction,False,False,False,False,False,active,"ward,landmark,has_shelter,has_ticket_counter,wheelchair_access,audio_support",2026-08-03T02:39:13Z,2026-08-17T20:07:59Z,False,,,
S0223,Lalitpur Industrial Estate,,27.667312,85.322256,Lalitpur,LALITPUR,28,True,Lalitpur Industrial Estate Chowk / Junction,False,False,False,False,False,active,"ward,landmark,has_shelter,has_ticket_counter,wheelchair_access,audio_support",2026-08-03T02:39:13Z,2026-08-17T20:07:59Z,False,,,
S0224,Changu Narayan,,27.716321,85.43078,Changunarayan,BHAKTAPUR,13,False,Changu Narayan Chowk / Junction,False,False,False,False,False,active,"ward,landmark,has_shelter,has_ticket_counter,wheelchair_access,audio_support",2026-08-03T02:39:13Z,2026-08-17T20:07:59Z,False,,,
S0225,Kumari Club,,27.682663,85.298599,Kathmandu,KATHMANDU,19,True,Kumari Club Chowk / Junction,False,False,False,False,False,active,"ward,landmark,has_shelter,has_ticket_counter,wheelchair_access,audio_support",2026-08-03T02:39:13Z,2026-08-17T20:07:59Z,False,,,
S0226,Gahabahal,,27.674297,85.321046,Lalitpur,LALITPUR,31,False,Gahabahal Chowk / Junction,False,False,False,False,False,active,"ward,landmark,has_shelter,has_ticket_counter,wheelchair_access,audio_support",2026-08-03T02:39:13Z,2026-08-17T20:07:59Z,False,,,
S0227,Mahapal,,27.67355,85.32389,Lalitpur,LALITPUR,32,False,Mahapal Chowk / Junction,False,False,False,False,False,active,"ward,landmark,has_shelter,has_ticket_counter,wheelchair_access,audio_support",2026-08-03T02:39:13Z,2026-08-17T20:07:59Z,False,,,
S0228,Dhungedhara,,27.72341,85.294675,Nagarjun,KATHMANDU,7,False,Dhungedhara Chowk / Junction,False,False,False,False,False,active,"ward,landmark,has_shelter,has_ticket_counter,wheelchair_access,audio_support",2026-08-03T02:39:13Z,2026-08-17T20:07:59Z,False,,,
S0230,Balkhu,,27.6823,85.2985,Kathmandu,KATHMANDU,17,True,Balkhu Chowk / Junction,False,False,False,False,False,active,"ward,landmark,has_shelter,has_ticket_counter,wheelchair_access,audio_support",2026-08-03T02:39:13Z,2026-08-17T20:07:59Z,False,,,
S0231,Golfutar stop,,27.75144,85.345969,Budhanilakantha,KATHMANDU,20,True,Golfutar stop Chowk / Junction,False,False,False,False,False,active,"ward,landmark,has_shelter,has_ticket_counter,wheelchair_access,audio_support",2026-08-03T02:39:13Z,2026-08-17T20:07:59Z,False,,,
S0233,Balkhu Stop,,27.684798,85.298592,Kathmandu,KATHMANDU,29,True,Balkhu Stop Chowk / Junction,False,False,False,False,False,active,"ward,landmark,has_shelter,has_ticket_counter,wheelchair_access,audio_support",2026-08-03T02:39:13Z,2026-08-17T20:07:59Z,False,,,
S0234,Pulchowk,,27.6782,85.3169,Lalitpur,LALITPUR,32,True,Pulchowk Chowk / Junction,False,False,False,False,False,active,"ward,landmark,has_shelter,has_ticket_counter,wheelchair_access,audio_support",2026-08-03T02:39:13Z,2026-08-17T20:07:59Z,False,,,
S0236,"NAC (Nepal Airlines Corporation, Kantipath)",,27.7076,85.3143,Kathmandu,KATHMANDU,30,True,"NAC (Nepal Airlines Corporation, Kantipath) Chowk / Junction",False,False,False,False,False,active,"ward,landmark,has_shelter,has_ticket_counter,wheelchair_access,audio_support",2026-08-03T02:39:13Z,2026-08-17T20:07:59Z,False,,,
S0237,Harihar Bhawan,,27.6808,85.3131,Lalitpur,LALITPUR,5,True,Harihar Bhawan Chowk / Junction,False,False,False,False,False,active,"ward,landmark,has_shelter,has_ticket_counter,wheelchair_access,audio_support",2026-08-03T02:39:13Z,2026-08-17T20:07:59Z,False,,,
S0238,Gangalal Hospital (Shahid Gangalal National Heart Centre),,27.746,85.3438,Kathmandu,KATHMANDU,23,False,Gangalal Hospital (Shahid Gangalal National Heart Centre) Chowk / Junction,False,False,False,False,False,active,"ward,landmark,has_shelter,has_ticket_counter,wheelchair_access,audio_support",2026-08-03T02:39:13Z,2026-08-17T20:07:59Z,False,,,
S0239,Godawari,,27.597,85.3798,Godawari,LALITPUR,7,False,Godawari Chowk / Junction,False,False,False,False,False,active,"ward,landmark,has_shelter,has_ticket_counter,wheelchair_access,audio_support",2026-08-03T02:39:13Z,2026-08-17T20:07:59Z,False,,,
S0240,Tribhuvan International Airport,,27.6966,85.3591,Kathmandu,KATHMANDU,13,False,Tribhuvan International Airport Chowk / Junction,False,False,False,False,False,active,"ward,landmark,has_shelter,has_ticket_counter,wheelchair_access,audio_support",2026-08-03T02:39:13Z,2026-08-17T20:07:59Z,False,,,
S0241,"President's Residence (Sheetal Niwas, Maharajgunj)",,27.71716,85.31648,Kathmandu,KATHMANDU,15,False,"President's Residence (Sheetal Niwas, Maharajgunj) Chowk / Junction",False,False,False,False,False,active,"ward,landmark,has_shelter,has_ticket_counter,wheelchair_access,audio_support",2026-08-03T02:39:13Z,2026-08-17T20:07:59Z,False,,,
S0242,Bungamati,,27.62,85.3,Lalitpur,LALITPUR,11,False,Bungamati Chowk / Junction,False,False,False,False,False,active,"ward,landmark,has_shelter,has_ticket_counter,wheelchair_access,audio_support",2026-08-03T02:39:13Z,2026-08-17T20:07:59Z,False,,,
S0243,Lele,,27.57,85.34,Godawari,LALITPUR,29,False,Lele Chowk / Junction,False,False,False,False,False,active,"ward,landmark,has_shelter,has_ticket_counter,wheelchair_access,audio_support",2026-08-03T02:39:13Z,2026-08-17T20:07:59Z,False,,,
S0244,Sunakothi,,27.64,85.32,Lalitpur,LALITPUR,4,False,Sunakothi Chowk / Junction,False,False,False,False,False,active,"ward,landmark,has_shelter,has_ticket_counter,wheelchair_access,audio_support",2026-08-03T02:39:13Z,2026-08-17T20:07:59Z,False,,,
S0245,Badegaun,,27.6172763,85.3536735,Godawari,LALITPUR,13,False,Badegaun Chowk / Junction,False,False,False,False,False,active,"ward,landmark,has_shelter,has_ticket_counter,wheelchair_access,audio_support",2026-08-03T02:39:13Z,2026-08-17T20:07:59Z,False,,,
S0246,Bafal,,27.7021638,85.2780949,Nagarjun,KATHMANDU,32,False,Bafal Chowk / Junction,False,False,False,False,False,active,"ward,landmark,has_shelter,has_ticket_counter,wheelchair_access,audio_support",2026-08-03T02:39:13Z,2026-08-17T20:07:59Z,False,,,
S0247,Bhaisepati,,27.6525418,85.3048668,Lalitpur,LALITPUR,7,False,Bhaisepati Chowk / Junction,False,False,False,False,False,active,"ward,landmark,has_shelter,has_ticket_counter,wheelchair_access,audio_support",2026-08-03T02:39:13Z,2026-08-17T20:07:59Z,False,,,
S0248,Chapagaun Dobato,,27.6579362,85.3225346,Lalitpur,LALITPUR,27,False,Chapagaun Dobato Chowk / Junction,False,False,False,False,False,active,"ward,landmark,has_shelter,has_ticket_counter,wheelchair_access,audio_support",2026-08-03T02:39:13Z,2026-08-17T20:07:59Z,False,,,
S0249,Chapali Bhadrakali,,27.7803217,85.3730428,Budhanilakantha,KATHMANDU,19,False,Chapali Bhadrakali Chowk / Junction,False,False,False,False,False,active,"ward,landmark,has_shelter,has_ticket_counter,wheelchair_access,audio_support",2026-08-03T02:39:13Z,2026-08-17T20:07:59Z,False,,,
S0250,Dholahiti,,27.6402341,85.3181452,Lalitpur,LALITPUR,22,False,Dholahiti Chowk / Junction,False,False,False,False,False,active,"ward,landmark,has_shelter,has_ticket_counter,wheelchair_access,audio_support",2026-08-03T02:39:13Z,2026-08-17T20:07:59Z,False,,,
S0252,Gongabu Bus Park,,27.7331364,85.3083967,Kathmandu,KATHMANDU,2,False,Gongabu Bus Park Chowk / Junction,False,False,False,False,False,active,"ward,landmark,has_shelter,has_ticket_counter,wheelchair_access,audio_support",2026-08-03T02:39:13Z,2026-08-17T20:07:59Z,False,,,
S0253,Harisiddhi,,27.6388413,85.3420486,Lalitpur,LALITPUR,10,False,Harisiddhi Chowk / Junction,False,False,False,False,False,active,"ward,landmark,has_shelter,has_ticket_counter,wheelchair_access,audio_support",2026-08-03T02:39:13Z,2026-08-17T20:07:59Z,False,,,
S0254,Hattiban,,27.6503757,85.3368812,Lalitpur,LALITPUR,13,False,Hattiban Chowk / Junction,False,False,False,False,False,active,"ward,landmark,has_shelter,has_ticket_counter,wheelchair_access,audio_support",2026-08-03T02:39:13Z,2026-08-17T20:07:59Z,False,,,
S0255,Hattigauda,,27.7553479,85.3478614,Budhanilakantha,KATHMANDU,30,False,Hattigauda Chowk / Junction,False,False,False,False,False,active,"ward,landmark,has_shelter,has_ticket_counter,wheelchair_access,audio_support",2026-08-03T02:39:13Z,2026-08-17T20:07:59Z,False,,,
S0256,Imadol Krishna Mandir Road,,27.6631915,85.3423521,Mahalaxmi,LALITPUR,25,False,Imadol Krishna Mandir Road Chowk / Junction,False,False,False,False,False,active,"ward,landmark,has_shelter,has_ticket_counter,wheelchair_access,audio_support",2026-08-03T02:39:13Z,2026-08-17T20:07:59Z,False,,,
S0257,KIST Medical College Teaching Hospital,,27.6628241,85.3347172,Lalitpur,LALITPUR,21,False,KIST Medical College Teaching Hospital Chowk / Junction,False,False,False,False,False,active,"ward,landmark,has_shelter,has_ticket_counter,wheelchair_access,audio_support",2026-08-03T02:39:13Z,2026-08-17T20:07:59Z,False,,,
S0258,Nakkhu (bus stop),,27.6638808,85.306311,Lalitpur,LALITPUR,6,False,Nakkhu (bus stop) Chowk / Junction,False,False,False,False,False,active,"ward,landmark,has_shelter,has_ticket_counter,wheelchair_access,audio_support",2026-08-03T02:39:13Z,2026-08-17T20:07:59Z,False,,,
S0259,New Baneshwor East,,27.6915196,85.3420486,Kathmandu,KATHMANDU,28,False,New Baneshwor Chowk / Junction,False,False,False,False,False,active,"ward,landmark,has_shelter,has_ticket_counter,wheelchair_access,audio_support",2026-08-03T02:39:13Z,2026-08-17T20:07:59Z,False,,,
S0260,Neuro Hospital Bansbari (Upendra Devkota Memorial NINAS),,27.7486124,85.3460046,Kathmandu,KATHMANDU,28,False,Neuro Hospital Bansbari (Upendra Devkota Memorial NINAS) Chowk / Junction,False,False,False,False,False,active,"ward,landmark,has_shelter,has_ticket_counter,wheelchair_access,audio_support",2026-08-03T02:39:13Z,2026-08-17T20:07:59Z,False,,,
S0261,Pyangaun,,27.5981685,85.3251264,Godawari,LALITPUR,12,False,Pyangaun Chowk / Junction,False,False,False,False,False,active,"ward,landmark,has_shelter,has_ticket_counter,wheelchair_access,audio_support",2026-08-03T02:39:13Z,2026-08-17T20:07:59Z,False,,,
S0262,Rata Makai Chowk,,27.6648107,85.3410552,Mahalaxmi,LALITPUR,12,False,Rata Makai Chowk Chowk / Junction,False,False,False,False,False,active,"ward,landmark,has_shelter,has_ticket_counter,wheelchair_access,audio_support",2026-08-03T02:39:13Z,2026-08-17T20:07:59Z,False,,,
S0263,Ravi Bhavan,,27.6950507,85.2948778,Kathmandu,KATHMANDU,20,False,Ravi Bhavan Chowk / Junction,False,False,False,False,False,active,"ward,landmark,has_shelter,has_ticket_counter,wheelchair_access,audio_support",2026-08-03T02:39:13Z,2026-08-17T20:07:59Z,False,,,
S0264,Sana Gaun Bus Stop,,27.649786,85.3589255,Mahalaxmi,LALITPUR,30,False,Sana Gaun Bus Stop Chowk / Junction,False,False,False,False,False,active,"ward,landmark,has_shelter,has_ticket_counter,wheelchair_access,audio_support",2026-08-03T02:39:13Z,2026-08-17T20:07:59Z,False,,,
S0266,Satungal,,27.6825156,85.2489603,Chandragiri,KATHMANDU,11,False,Satungal Chowk / Junction,False,False,False,False,False,active,"ward,landmark,has_shelter,has_ticket_counter,wheelchair_access,audio_support",2026-08-03T02:39:13Z,2026-08-17T20:07:59Z,False,,,
S0267,Taukhel,,27.6117622,85.357324,Godawari,LALITPUR,32,False,Taukhel Chowk / Junction,False,False,False,False,False,active,"ward,landmark,has_shelter,has_ticket_counter,wheelchair_access,audio_support",2026-08-03T02:39:13Z,2026-08-17T20:07:59Z,False,,,
S0268,Nepal Telecom (Budhanilkantha),,27.733891,85.3595657,Budhanilakantha,KATHMANDU,26,False,Nepal Telecom (Budhanilkantha) Chowk / Junction,False,False,False,False,False,active,"ward,landmark,has_shelter,has_ticket_counter,wheelchair_access,audio_support",2026-08-03T02:39:13Z,2026-08-17T20:07:59Z,False,,,
S0269,Tikabhairab Temple,,27.5746276,85.3128817,Godawari,LALITPUR,23,False,Tikabhairab Temple Chowk / Junction,False,False,False,False,False,active,"ward,landmark,has_shelter,has_ticket_counter,wheelchair_access,audio_support",2026-08-03T02:39:13Z,2026-08-17T20:07:59Z,False,,,
S0270,Tribhuwan Park,,27.689954,85.220857,Chandragiri,KATHMANDU,28,False,Tribhuwan Park Chowk / Junction,False,False,False,False,False,active,"ward,landmark,has_shelter,has_ticket_counter,wheelchair_access,audio_support",2026-08-03T02:39:13Z,2026-08-17T20:07:59Z,False,,,
S0271,Soalteemode West,,27.7005956,85.2858267,Kathmandu,KATHMANDU,25,False,Soalteemode Chowk / Junction,False,False,False,False,False,active,"ward,landmark,has_shelter,has_ticket_counter,wheelchair_access,audio_support",2026-08-03T02:39:13Z,2026-08-17T20:07:59Z,False,,,
S0272,Handegaun,,27.6145,85.3555,Godawari,LALITPUR,7,False,Handegaun Chowk / Junction,False,False,False,False,False,active,"ward,landmark,has_shelter,has_ticket_counter,wheelchair_access,audio_support",2026-08-03T02:39:13Z,2026-08-17T20:07:59Z,False,,,
S0273,Dungin,,27.6355,85.3844,Mahalaxmi,LALITPUR,30,False,Dungin Chowk / Junction,False,False,False,False,False,active,"ward,landmark,has_shelter,has_ticket_counter,wheelchair_access,audio_support",2026-08-03T02:39:13Z,2026-08-17T20:07:59Z,False,,,
S0274,"Kamalpokhari (Lamatar-area, distinct from central Kathmandu Kamalpokhari)",,27.66583,85.334253,Lalitpur,LALITPUR,1,False,"Kamalpokhari (Lamatar-area, distinct from central Kathmandu Kamalpokhari) Chowk / Junction",False,False,False,False,False,active,"ward,landmark,has_shelter,has_ticket_counter,wheelchair_access,audio_support",2026-08-03T02:39:13Z,2026-08-17T20:07:59Z,False,,,
S0275,Dui Adda (Dhunga Adda),,27.691351,85.275754,Chandragiri,KATHMANDU,1,False,Dui Adda (Dhunga Adda) Chowk / Junction,False,False,False,False,False,active,"ward,landmark,has_shelter,has_ticket_counter,wheelchair_access,audio_support",2026-08-03T02:39:13Z,2026-08-17T20:07:59Z,False,,,
S0276,Tek (Teku),,27.696325,85.306981,Kathmandu,KATHMANDU,25,False,Tek (Teku) Chowk / Junction,False,False,False,False,False,active,"ward,landmark,has_shelter,has_ticket_counter,wheelchair_access,audio_support",2026-08-03T02:39:13Z,2026-08-17T20:07:59Z,False,,,
S0278,"N.A.Bh (Nepal Army Headquarters, Bhadrakali)",,27.69941,85.31481,Kathmandu,KATHMANDU,30,False,"N.A.Bh (Nepal Army Headquarters, Bhadrakali) Chowk / Junction",False,False,False,False,False,active,"ward,landmark,has_shelter,has_ticket_counter,wheelchair_access,audio_support",2026-08-03T02:39:13Z,2026-08-17T20:07:59Z,False,,,
S0279,Takhal,,27.586,85.318,Godawari,LALITPUR,25,False,Takhal Chowk / Junction,False,False,False,False,False,active,"ward,landmark,has_shelter,has_ticket_counter,wheelchair_access,audio_support",2026-08-03T02:39:13Z,2026-08-17T20:07:59Z,False,,,
S0057,Nikosera,"Nikoshira, Nicosera",27.680054,85.39845,Madhyapur Thimi,BHAKTAPUR,20,False,Nikosera Chowk / Junction,False,False,False,False,False,active,"ward,landmark,has_shelter,has_ticket_counter,wheelchair_access,audio_support",2026-08-03T02:39:13Z,2026-08-17T20:07:59Z,False,,,
S0081,Bhaktapur Hospital Stop,"Dudhpati, Hospital Chowk",27.671988,85.422408,Bhaktapur,BHAKTAPUR,13,True,Bhaktapur Hospital Stop Chowk / Junction,False,False,False,False,False,active,"ward,landmark,has_shelter,has_ticket_counter,wheelchair_access,audio_support",2026-08-03T02:39:13Z,2026-08-17T20:07:59Z,False,,,
S0116,Damkal,"Damkal Chowk, Pulchowk Fire Station",27.675796,85.315747,Lalitpur,LALITPUR,9,False,Damkal Chowk / Junction,False,False,False,False,False,active,"ward,landmark,has_shelter,has_ticket_counter,wheelchair_access,audio_support",2026-08-03T02:39:13Z,2026-08-17T20:07:59Z,False,,,
S0132,Maitighar Stop--South,"Thapathali North, Kupondole Bridge Stop",27.694112,85.319308,Kathmandu,KATHMANDU,3,True,Maitighar Stop--South Chowk / Junction,False,False,False,False,False,active,"ward,landmark,has_shelter,has_ticket_counter,wheelchair_access,audio_support",2026-08-03T02:39:13Z,2026-08-17T20:07:59Z,False,,,
S0150,Baakha Bazaar,"Baka Bazaar, Bode Road",27.682879,85.385831,Madhyapur Thimi,BHAKTAPUR,7,False,Baakha Bazaar Chowk / Junction,False,False,False,False,False,active,"ward,landmark,has_shelter,has_ticket_counter,wheelchair_access,audio_support",2026-08-03T02:39:13Z,2026-08-17T20:07:59Z,False,,,
S0161,Bhaktapur Bus Park,"Kamalbinayak, Chyamasingh Bus Stop",27.671307,85.422416,Bhaktapur,BHAKTAPUR,6,True,Bhaktapur Bus Park Chowk / Junction,False,False,False,False,False,active,"ward,landmark,has_shelter,has_ticket_counter,wheelchair_access,audio_support",2026-08-03T02:39:13Z,2026-08-17T20:07:59Z,False,,,
S0181,SanoThimi,"Sanothimi Campus, Sanothimi Chowk",27.682682,85.37234,Madhyapur Thimi,BHAKTAPUR,8,False,SanoThimi Chowk / Junction,False,False,False,False,False,active,"ward,landmark,has_shelter,has_ticket_counter,wheelchair_access,audio_support",2026-08-03T02:39:13Z,2026-08-17T20:07:59Z,False,,,
S0185,Thapathali,Thapathali Bus Stand,27.691767,85.318016,Kathmandu,KATHMANDU,9,True,Thapathali Chowk / Junction,False,False,False,False,False,active,"ward,landmark,has_shelter,has_ticket_counter,wheelchair_access,audio_support",2026-08-03T02:39:13Z,2026-08-17T20:07:59Z,False,,,
S0192,Naya Naikap,"Naya Naikap, Syuchatar Mod",27.701283,85.289181,Kathmandu,KATHMANDU,30,False,Naya Naikap Chowk / Junction,False,False,False,False,False,active,"ward,landmark,has_shelter,has_ticket_counter,wheelchair_access,audio_support",2026-08-03T02:39:13Z,2026-08-17T20:07:59Z,False,,,
S0213,Kumaripati,"Kumaripati, Jawalakhel Route Stop",27.67084,85.320098,Lalitpur,LALITPUR,5,True,Kumaripati Chowk / Junction,False,False,False,False,False,active,"ward,landmark,has_shelter,has_ticket_counter,wheelchair_access,audio_support",2026-08-03T02:39:13Z,2026-08-17T20:07:59Z,False,,,
S0283,Nabil Bank,,27.6828614259285,85.3184559776392,Lalitpur,LALITPUR,1,False,Nabil Bank Chowk / Junction,False,False,False,False,False,active,"ward,landmark,has_shelter,has_ticket_counter,wheelchair_access,audio_support",2026-08-03T02:39:13Z,2026-08-17T20:07:59Z,False,,,
S0284,Harihar Bhawan/ Krishna galli,,27.6812082856123,85.317350907549,Lalitpur,LALITPUR,19,False,Harihar Bhawan/ Krishna galli Chowk / Junction,False,False,False,False,False,active,"ward,landmark,has_shelter,has_ticket_counter,wheelchair_access,audio_support",2026-08-03T02:39:13Z,2026-08-17T20:07:59Z,False,,,
S0291,Naikap Bus Stop,,27.689104,85.263889,Chandragiri,KATHMANDU,10,False,Naikap Bus Stop Chowk / Junction,False,False,False,False,False,active,"ward,landmark,has_shelter,has_ticket_counter,wheelchair_access,audio_support",2026-08-03T02:39:13Z,2026-08-17T20:07:59Z,False,,,
S0292,Bosigaun Chowk / Checkpost,,27.690812,85.269415,Chandragiri,KATHMANDU,12,False,Bosigaun Chowk / Checkpost Chowk / Junction,False,False,False,False,False,active,"ward,landmark,has_shelter,has_ticket_counter,wheelchair_access,audio_support",2026-08-03T02:39:13Z,2026-08-17T20:07:59Z,False,,,
S0295,Underpass East / Khasibazaar,,27.695214,85.288912,Kathmandu,KATHMANDU,24,False,Underpass East / Khasibazaar Chowk / Junction,False,False,False,False,False,active,"ward,landmark,has_shelter,has_ticket_counter,wheelchair_access,audio_support",2026-08-03T02:39:13Z,2026-08-17T20:07:59Z,False,,,
S0296,Soalteemode East,,27.696812,85.292541,Kathmandu,KATHMANDU,15,False,Soalteemode Chowk / Junction,False,False,False,False,False,active,"ward,landmark,has_shelter,has_ticket_counter,wheelchair_access,audio_support",2026-08-03T02:39:13Z,2026-08-17T20:07:59Z,False,,,
S0304,Naya Baneshwor Chowk,,27.691512,85.333065,Kathmandu,KATHMANDU,27,False,Naya Baneshwor Chowk Chowk / Junction,False,False,False,False,False,active,"ward,landmark,has_shelter,has_ticket_counter,wheelchair_access,audio_support",2026-08-03T02:39:13Z,2026-08-17T20:07:59Z,False,,,
S0312,Lokanthali South,,27.671325,85.358214,Madhyapur Thimi,BHAKTAPUR,22,False,Lokanthali Chowk / Junction,False,False,False,False,False,active,"ward,landmark,has_shelter,has_ticket_counter,wheelchair_access,audio_support",2026-08-03T02:39:13Z,2026-08-17T20:07:59Z,False,,,
S0313,Balkot Mod,,27.668512,85.360124,Madhyapur Thimi,BHAKTAPUR,32,False,Balkot Mod Chowk / Junction,False,False,False,False,False,active,"ward,landmark,has_shelter,has_ticket_counter,wheelchair_access,audio_support",2026-08-03T02:39:13Z,2026-08-17T20:07:59Z,False,,,
S0314,Balkot Chowk,,27.666418,85.36215,Mahalaxmi,LALITPUR,32,False,Balkot Chowk Chowk / Junction,False,False,False,False,False,active,"ward,landmark,has_shelter,has_ticket_counter,wheelchair_access,audio_support",2026-08-03T02:39:13Z,2026-08-17T20:07:59Z,False,,,
S0315,Gamcha Bus Stop,,27.659812,85.365318,Mahalaxmi,LALITPUR,24,False,Gamcha Bus Stop Chowk / Junction,False,False,False,False,False,active,"ward,landmark,has_shelter,has_ticket_counter,wheelchair_access,audio_support",2026-08-03T02:39:13Z,2026-08-17T20:07:59Z,False,,,
S0316,Biruwa / Dadhikot Mod,,27.656214,85.367102,Mahalaxmi,LALITPUR,9,False,Biruwa / Dadhikot Mod Chowk / Junction,False,False,False,False,False,active,"ward,landmark,has_shelter,has_ticket_counter,wheelchair_access,audio_support",2026-08-03T02:39:13Z,2026-08-17T20:07:59Z,False,,,
S0317,Dadhikot Health Post,,27.653102,85.368845,Mahalaxmi,LALITPUR,20,False,Dadhikot Health Post Chowk / Junction,False,False,False,False,False,active,"ward,landmark,has_shelter,has_ticket_counter,wheelchair_access,audio_support",2026-08-03T02:39:13Z,2026-08-17T20:07:59Z,False,,,
S0319,Siddhapokhari,,27.672102,85.415214,Bhaktapur,BHAKTAPUR,17,False,Siddhapokhari Chowk / Junction,False,False,False,False,False,active,"ward,landmark,has_shelter,has_ticket_counter,wheelchair_access,audio_support",2026-08-03T02:39:13Z,2026-08-17T20:07:59Z,False,,,
S0322,Nagadesh,,27.676214,85.385102,Madhyapur Thimi,BHAKTAPUR,30,False,Nagadesh Chowk / Junction,False,False,False,False,False,active,"ward,landmark,has_shelter,has_ticket_counter,wheelchair_access,audio_support",2026-08-03T02:39:13Z,2026-08-17T20:07:59Z,False,,,
S0323,Purano Thimi / Siddhikali Chowk,,27.678125,85.378942,Madhyapur Thimi,BHAKTAPUR,17,False,Purano Thimi / Siddhikali Chowk Chowk / Junction,False,False,False,False,False,active,"ward,landmark,has_shelter,has_ticket_counter,wheelchair_access,audio_support",2026-08-03T02:39:13Z,2026-08-17T20:07:59Z,False,,,
S0324,Balkumari Thimi,,27.67631,85.373115,Madhyapur Thimi,BHAKTAPUR,26,False,Balkumari Thimi Chowk / Junction,False,False,False,False,False,active,"ward,landmark,has_shelter,has_ticket_counter,wheelchair_access,audio_support",2026-08-03T02:39:13Z,2026-08-17T20:07:59Z,False,,,
S0325,Gatthaghar,,27.673981,85.366812,Madhyapur Thimi,BHAKTAPUR,20,False,Gatthaghar Chowk / Junction,False,False,False,False,False,active,"ward,landmark,has_shelter,has_ticket_counter,wheelchair_access,audio_support",2026-08-03T02:39:13Z,2026-08-17T20:07:59Z,False,,,
S0326,Kausaltar,,27.672102,85.361921,Madhyapur Thimi,BHAKTAPUR,12,False,Kausaltar Chowk / Junction,False,False,False,False,False,active,"ward,landmark,has_shelter,has_ticket_counter,wheelchair_access,audio_support",2026-08-03T02:39:13Z,2026-08-17T20:07:59Z,False,,,
S0328,Jwagal Chowk,Jwagal,27.684231,85.318666,Lalitpur,LALITPUR,30,False,Jwagal Chowk Chowk / Junction,False,False,False,False,False,active,"ward,landmark,has_shelter,has_ticket_counter,wheelchair_access,audio_support",2026-08-03T02:39:13Z,2026-08-17T20:07:59Z,False,,,
S0193,Lainchour Chowk Bus Stop,"Lainchaur, Scouts Building Stop",27.717048,85.316046,Kathmandu,KATHMANDU,7,True,Lainchour Chowk Bus Stop Chowk / Junction,False,False,False,False,False,active,"ward,landmark,has_shelter,has_ticket_counter,wheelchair_access,audio_support",2026-08-03T02:39:13Z,2026-08-17T20:07:59Z,False,,,
S0199,Byasi Stop,Byasi Chowk,27.674804,85.427443,Bhaktapur,BHAKTAPUR,2,False,Byasi Stop Chowk / Junction,False,False,False,False,False,active,"ward,landmark,has_shelter,has_ticket_counter,wheelchair_access,audio_support",2026-08-03T02:39:13Z,2026-08-17T20:07:59Z,False,,,
S0009,Dhokashi,"Dhasi, Dhokasi",27.670661,85.279034,Kirtipur,KATHMANDU,3,False,Dhokashi Chowk / Junction,False,False,False,False,False,active,"ward,landmark,has_shelter,has_ticket_counter,wheelchair_access,audio_support",2026-08-03T02:39:13Z,2026-08-17T20:07:59Z,False,,,
S0085,Nagaon Dobato,"Naya Gaun Dobato, Nagaun",27.674795,85.277757,Kirtipur,KATHMANDU,17,False,Nagaon Dobato Chowk / Junction,False,False,False,False,False,active,"ward,landmark,has_shelter,has_ticket_counter,wheelchair_access,audio_support",2026-08-03T02:39:13Z,2026-08-17T20:07:59Z,False,,,
S0048,Bhatkepati,Bhatkepati Chowk,27.665215,85.254394,Chandragiri,KATHMANDU,5,False,Bhatkepati Chowk / Junction,False,False,False,False,False,active,"ward,landmark,has_shelter,has_ticket_counter,wheelchair_access,audio_support",2026-08-03T02:39:13Z,2026-08-17T20:07:59Z,False,,,
S0072,Mandikhatar Stop,Mandikhatar Chowk,27.736293,85.347685,Kathmandu,KATHMANDU,17,False,Mandikhatar Stop Chowk / Junction,False,False,False,False,False,active,"ward,landmark,has_shelter,has_ticket_counter,wheelchair_access,audio_support",2026-08-03T02:39:13Z,2026-08-17T20:07:59Z,False,,,
S0079,Sorhakhutte,"Sorhakhutte Pati, Sorhakhutte Chowk",27.718967,85.309619,Kathmandu,KATHMANDU,24,False,Sorhakhutte Chowk / Junction,False,False,False,False,False,active,"ward,landmark,has_shelter,has_ticket_counter,wheelchair_access,audio_support",2026-08-03T02:39:13Z,2026-08-17T20:07:59Z,False,,,
S0093,Bishalnagar Stop,Bishalnagar Chowk,27.721954,85.335587,Kathmandu,KATHMANDU,17,False,Bishalnagar Stop Chowk / Junction,False,False,False,False,False,active,"ward,landmark,has_shelter,has_ticket_counter,wheelchair_access,audio_support",2026-08-03T02:39:13Z,2026-08-17T20:07:59Z,False,,,
S0232,Matatirtha Stop,,27.680577,85.232858,Chandragiri,KATHMANDU,17,False,Matatirtha Stop Chowk / Junction,False,False,False,False,False,active,"ward,landmark,has_shelter,has_ticket_counter,wheelchair_access,audio_support",2026-08-03T02:39:13Z,2026-08-17T20:07:59Z,False,,,
S0001,KU Bus Stand (26 Kilo),26 Kilo (26 Kilo Stand),27.625178,85.540892,Dhulikhel,KAVREPALANCHOK,2,False,KU Bus Stand (26 Kilo) Chowk / Junction,False,False,False,False,False,active,"ward,landmark,has_shelter,has_ticket_counter,wheelchair_access,audio_support",2026-08-03T02:39:13Z,2026-08-17T20:07:59Z,False,,,
S0060,Chapagaun,"Chapagaun Dobato, Chapagaun Bus Park",27.592941,85.324403,Godawari,LALITPUR,2,False,Chapagaun Chowk / Junction,False,False,False,False,False,active,"ward,landmark,has_shelter,has_ticket_counter,wheelchair_access,audio_support",2026-08-03T02:39:13Z,2026-08-17T20:07:59Z,False,,,
S0047,Tinkune (Kirtipur side),"Balkhu Tinkune, Kirtipur Tinkune",27.676654,85.283543,Kirtipur,KATHMANDU,28,False,Tinkune (Kirtipur side) Chowk / Junction,False,False,False,False,False,active,"ward,landmark,has_shelter,has_ticket_counter,wheelchair_access,audio_support",2026-08-03T02:39:13Z,2026-08-17T20:07:59Z,False,,,
S0019,Barahi Movies,"Barahi Cinema, Suryabinayak Stop, Barahi Cinema (formerly tracked separately as S0229, merged)",27.665917,85.421493,Suryabinayak,BHAKTAPUR,22,False,Barahi Movies Chowk / Junction,False,False,False,False,False,active,"ward,landmark,has_shelter,has_ticket_counter,wheelchair_access,audio_support",2026-08-03T02:39:13Z,2026-08-17T20:07:59Z,False,,,
S0337,Maharajgunj Chowk,,27.736,85.3308,Kathmandu,KATHMANDU,7,True,Maharajgunj Chowk Chowk / Junction,False,False,False,False,False,active,"ward,landmark,has_shelter,has_ticket_counter,wheelchair_access,audio_support",2026-08-03T02:53:43Z,2026-08-17T20:07:59Z,False,,,
S0338,Kamalpokhari,,27.7107,85.3252,Kathmandu,KATHMANDU,9,True,Kamalpokhari Chowk / Junction,False,False,False,False,False,active,"ward,landmark,has_shelter,has_ticket_counter,wheelchair_access,audio_support,lat,lng",2026-08-03T02:53:43Z,2026-08-17T20:07:59Z,False,,,
S0339,Hattisar,,27.7095,85.3238,Kathmandu,KATHMANDU,10,False,Hattisar Chowk / Junction,False,False,False,False,False,active,"ward,landmark,has_shelter,has_ticket_counter,wheelchair_access,audio_support,lat,lng",2026-08-03T02:53:43Z,2026-08-17T20:07:59Z,False,,,
S0341,Durbar Marg,,27.712,85.317,Kathmandu,KATHMANDU,19,True,Durbar Marg Chowk / Junction,False,False,False,False,False,active,"ward,landmark,has_shelter,has_ticket_counter,wheelchair_access,audio_support,lat,lng",2026-08-03T02:53:43Z,2026-08-17T20:07:59Z,False,,,
S0342,Thamel,,27.7154,85.3123,Kathmandu,KATHMANDU,26,True,Thamel Chowk / Junction,False,False,False,False,False,active,"ward,landmark,has_shelter,has_ticket_counter,wheelchair_access,audio_support,lat,lng",2026-08-03T02:53:43Z,2026-08-17T20:07:59Z,False,,,
S0344,Narayantar,,27.724563,85.379906,Kathmandu,KATHMANDU,21,False,Narayantar Chowk / Junction,False,False,False,False,False,active,"ward,landmark,has_shelter,has_ticket_counter,wheelchair_access,audio_support",2026-08-03T02:53:43Z,2026-08-17T20:07:59Z,False,,,
S0345,Khasi Bazaar,,27.6895,85.2845,Kathmandu,KATHMANDU,9,False,Khasi Bazaar Chowk / Junction,False,False,False,False,False,active,"ward,landmark,has_shelter,has_ticket_counter,wheelchair_access,audio_support",2026-08-03T02:53:43Z,2026-08-17T20:07:59Z,False,,,
S0346,Syuchatar,,27.70096,85.27484,Kathmandu,KATHMANDU,9,False,Syuchatar Chowk / Junction,False,False,False,False,False,active,"ward,landmark,has_shelter,has_ticket_counter,wheelchair_access,audio_support,lat,lng",2026-08-03T02:53:43Z,2026-08-17T20:07:59Z,False,,,
S0347,Tilganga,,27.7145,85.3495,Kathmandu,KATHMANDU,9,False,Tilganga Chowk / Junction,False,False,False,False,False,active,"ward,landmark,has_shelter,has_ticket_counter,wheelchair_access,audio_support,lat,lng",2026-08-03T02:53:43Z,2026-08-17T20:07:59Z,False,,,
S0348,Battisputali,,27.704,85.335,Kathmandu,KATHMANDU,10,False,Battisputali Chowk / Junction,False,False,False,False,False,active,"ward,landmark,has_shelter,has_ticket_counter,wheelchair_access,audio_support,lat,lng",2026-08-03T02:53:43Z,2026-08-17T20:07:59Z,False,,,
S0349,Macchapokhari,,27.728,85.302,Kathmandu,KATHMANDU,2,False,Macchapokhari Chowk / Junction,False,False,False,False,False,active,"ward,landmark,has_shelter,has_ticket_counter,wheelchair_access,audio_support,lat,lng",2026-08-03T02:53:43Z,2026-08-17T20:07:59Z,False,,,
S0350,Jayabageshwori,,27.7165,85.352,Kathmandu,KATHMANDU,9,False,Jayabageshwori Chowk / Junction,False,False,False,False,False,active,"ward,landmark,has_shelter,has_ticket_counter,wheelchair_access,audio_support,lat,lng",2026-08-03T02:53:43Z,2026-08-17T20:07:59Z,False,,,
S0351,Maligaun,,27.7225,85.332,Kathmandu,KATHMANDU,3,False,Maligaun Chowk / Junction,False,False,False,False,False,active,"ward,landmark,has_shelter,has_ticket_counter,wheelchair_access,audio_support,lat,lng",2026-08-03T02:53:43Z,2026-08-17T20:07:59Z,False,,,
S0352,Mahalaxmisthan,,27.6651,85.3218,Lalitpur,LALITPUR,5,False,Mahalaxmisthan Chowk / Junction,False,False,False,False,False,active,"ward,landmark,has_shelter,has_ticket_counter,wheelchair_access,audio_support",2026-08-03T02:53:43Z,2026-08-17T20:07:59Z,False,,,
S0353,Sano Bharyang,,27.7198,85.2915,Kathmandu,KATHMANDU,2,False,Sano Bharyang Chowk / Junction,False,False,False,False,False,active,"ward,landmark,has_shelter,has_ticket_counter,wheelchair_access,audio_support",2026-08-03T02:53:43Z,2026-08-17T20:07:59Z,False,,,
S0354,Chappal Karkhana,,27.7305,85.332,Kathmandu,KATHMANDU,6,False,Chappal Karkhana Chowk / Junction,False,False,False,False,False,active,"ward,landmark,has_shelter,has_ticket_counter,wheelchair_access,audio_support,lat,lng",2026-08-03T02:53:43Z,2026-08-17T20:07:59Z,False,,,
S0355,Gopikrishna,,27.719,85.356,Kathmandu,KATHMANDU,7,False,Gopikrishna Chowk / Junction,False,False,False,False,False,active,"ward,landmark,has_shelter,has_ticket_counter,wheelchair_access,audio_support,lat,lng",2026-08-03T02:53:43Z,2026-08-17T20:07:59Z,False,,,
S0356,Naya Bazar (Thamel),,27.7135,85.3095,Kathmandu,KATHMANDU,26,False,Naya Bazar (Thamel) Chowk / Junction,False,False,False,False,False,active,"ward,landmark,has_shelter,has_ticket_counter,wheelchair_access,audio_support,lat,lng",2026-08-03T02:53:43Z,2026-08-17T20:07:59Z,False,,,
S0357,Chhetrapati,,27.7128,85.309,Kathmandu,KATHMANDU,26,True,Chhetrapati Chowk / Junction,False,False,False,False,False,active,"ward,landmark,has_shelter,has_ticket_counter,wheelchair_access,audio_support,lat,lng",2026-08-03T02:53:43Z,2026-08-17T20:07:59Z,False,,,
S0358,Kirtipur Mod,,27.68,85.292,Kathmandu,KATHMANDU,1,False,Kirtipur Mod Chowk / Junction,False,False,False,False,False,active,"ward,landmark,has_shelter,has_ticket_counter,wheelchair_access,audio_support,lat,lng",2026-08-03T02:53:43Z,2026-08-17T20:07:59Z,False,,,
S0360,Lubhu Bus Park,,27.6496,85.362,Lalitpur,LALITPUR,,True,"Lubhu Bus Park (Lubhu, Mahalaxmi)",False,False,False,False,False,active,"ward,landmark,has_shelter,has_ticket_counter,wheelchair_access,audio_support",2026-08-03T02:53:43Z,2026-08-17T20:07:59Z,False,,,
S0361,Dungin / School Chowk,,27.6535,85.3562,Lalitpur,LALITPUR,,False,Dungin / School Chowk (Lubhu),False,False,False,False,False,active,"ward,landmark,has_shelter,has_ticket_counter,wheelchair_access,audio_support",2026-08-03T02:53:43Z,2026-08-17T20:07:59Z,False,,,
S0362,Sanagaun Chowk,,27.6582,85.3495,Lalitpur,LALITPUR,,False,"Sanagaun Chowk (Sanagaun, Mahalaxmi)",False,False,False,False,False,active,"ward,landmark,has_shelter,has_ticket_counter,wheelchair_access,audio_support",2026-08-03T02:53:43Z,2026-08-17T20:07:59Z,False,,,
S0363,Siddhipur / Tikathali Dobato,,27.662,85.3442,Lalitpur,LALITPUR,,False,Siddhipur / Tikathali Dobato (Siddhipur),False,False,False,False,False,active,"ward,landmark,has_shelter,has_ticket_counter,wheelchair_access,audio_support",2026-08-03T02:53:43Z,2026-08-17T20:07:59Z,False,,,
S0364,Imadol Krishna Mandir,,27.6655,85.3388,Lalitpur,LALITPUR,,False,Imadol Krishna Mandir (Imadol),False,False,False,False,False,active,"ward,landmark,has_shelter,has_ticket_counter,wheelchair_access,audio_support",2026-08-03T02:53:43Z,2026-08-17T20:07:59Z,False,,,
S0365,Ratamakai Chowk,,27.668,85.3362,Lalitpur,LALITPUR,,False,Ratamakai Chowk (Imadol),False,False,False,False,False,active,"ward,landmark,has_shelter,has_ticket_counter,wheelchair_access,audio_support",2026-08-03T02:53:43Z,2026-08-17T20:07:59Z,False,,,
S0366,KIST Hospital Chowk,,27.6692,85.335,Lalitpur,LALITPUR,,False,KIST Hospital Chowk (Imadol / KIST Hospital),False,False,False,False,False,active,"ward,landmark,has_shelter,has_ticket_counter,wheelchair_access,audio_support",2026-08-03T02:53:43Z,2026-08-17T20:07:59Z,False,,,
S0367,Prayag Pokhari / Patan College,,27.6685,85.3265,Lalitpur,LALITPUR,,False,Prayag Pokhari / Patan College (Lagankhel Road),False,False,False,False,False,active,"ward,landmark,has_shelter,has_ticket_counter,wheelchair_access,audio_support",2026-08-03T02:53:43Z,2026-08-17T20:07:59Z,False,,,
S0368,Patan Hospital Dobato,,27.6672,85.3235,Lalitpur,LALITPUR,,False,Patan Hospital Dobato (Batuk Bhairav),False,False,False,False,False,active,"ward,landmark,has_shelter,has_ticket_counter,wheelchair_access,audio_support",2026-08-03T02:53:43Z,2026-08-17T20:07:59Z,False,,,
S0153,Poolbazar Bus Stop (Pulbazar),,27.6322,85.5153,Kavrepalanchok,KAVREPALANCHOK,,False,Poolbazar Bus Stop (Pulbazar) (Banepa),False,False,False,False,False,active,"ward,landmark,has_shelter,has_ticket_counter,wheelchair_access,audio_support",2026-08-03T02:53:43Z,2026-08-17T20:07:59Z,False,,,
S0229,Chundevi Bus Stop (Chunudevi),,27.6669,85.4172,Bhaktapur,BHAKTAPUR,,False,Chundevi Bus Stop (Chunudevi) (Katunje / Suryabinayak),False,False,False,False,False,active,"ward,landmark,has_shelter,has_ticket_counter,wheelchair_access,audio_support",2026-08-03T02:53:43Z,2026-08-17T20:07:59Z,False,,,
S0369,Thali,,27.72694,85.40417,Kageshwori Manahara,KATHMANDU,,False,Thali Chowk (Jorpati-Sankhu Road),False,False,False,False,False,active,"ward,landmark,has_shelter,has_ticket_counter,wheelchair_access,audio_support",2026-08-05T00:00:00Z,2026-08-17T20:07:59Z,False,,,
S0370,Danchhi,"Danchi, Daanchhi",27.72989,85.41778,Kageshwori Manahara,KATHMANDU,5,True,Kageshwori Manahara Municipality Office,False,False,False,False,False,active,"landmark,has_shelter,has_ticket_counter,wheelchair_access,audio_support",2026-08-05T00:00:00Z,2026-08-17T20:07:59Z,False,,,
S0371,Bramhakhel,Brahmakhel,27.7299,85.4279,Kageshwori Manahara,KATHMANDU,,False,Bramhakhel Road / Hariyali Nagar-Bramhakhel section,False,False,False,False,False,active,"lat,lng,ward,landmark,has_shelter,has_ticket_counter,wheelchair_access,audio_support",2026-08-05T00:00:00Z,2026-08-17T20:07:59Z,False,,,
S0372,Pepsicola,,27.6915,85.3621,Kathmandu,KATHMANDU,,False,,False,False,False,False,False,active,"ward,landmark,has_shelter,has_ticket_counter,wheelchair_access,audio_support -- confirmed distinct from S0156 Pepsi Cola Chowk (307m away) per Dipesh",2026-08-17T20:07:59Z,2026-08-17T20:07:59Z,False,,,
S0373,Babachowk,,27.6975,85.3686,Kathmandu,KATHMANDU,,False,,False,False,False,False,False,active,"ward,landmark,has_shelter,has_ticket_counter,wheelchair_access,audio_support",2026-08-17T20:07:59Z,2026-08-17T20:07:59Z,False,,,
S0374,Gothatar Height/Tarigaon,,27.702,85.367,Kathmandu,KATHMANDU,,False,,False,False,False,False,False,active,"ward,landmark,has_shelter,has_ticket_counter,wheelchair_access,audio_support -- 272m from S0120 Gothatar; not yet confirmed distinct, worth a field check",2026-08-17T20:07:59Z,2026-08-17T20:07:59Z,False,,,
S0375,Gothatar Chowk,,27.7005,85.365,Kathmandu,KATHMANDU,,False,,False,False,False,False,False,active,"ward,landmark,has_shelter,has_ticket_counter,wheelchair_access,audio_support",2026-08-17T20:07:59Z,2026-08-17T20:07:59Z,False,,,
S0376,Gothatar School,,27.699,85.364,Kathmandu,KATHMANDU,,False,,False,False,False,False,False,active,"ward,landmark,has_shelter,has_ticket_counter,wheelchair_access,audio_support",2026-08-17T20:07:59Z,2026-08-17T20:07:59Z,False,,,
S0377,Khahare,,27.688,85.359,Kathmandu,KATHMANDU,,False,,False,False,False,False,False,active,"ward,landmark,has_shelter,has_ticket_counter,wheelchair_access,audio_support",2026-08-17T20:07:59Z,2026-08-17T20:07:59Z,False,,,
S0378,Khahare Chowk,,27.6875,85.3585,Kathmandu,KATHMANDU,,False,,False,False,False,False,False,active,"ward,landmark,has_shelter,has_ticket_counter,wheelchair_access,audio_support",2026-08-17T20:07:59Z,2026-08-17T20:07:59Z,False,,,
S0379,Hanumansthan,,27.6965,85.3275,Kathmandu,KATHMANDU,,False,,False,False,False,False,False,active,"ward,landmark,has_shelter,has_ticket_counter,wheelchair_access,audio_support -- confirmed distinct from S0209 Singha Durbar East Stop (65m away) per Dipesh",2026-08-17T20:07:59Z,2026-08-17T20:07:59Z,False,,,
S0380,Padmodaya,,27.7015,85.318,Kathmandu,KATHMANDU,,False,,False,False,False,False,False,active,"ward,landmark,has_shelter,has_ticket_counter,wheelchair_access,audio_support -- 100m from S0066 Bhrikuti Mandap Stop, which is also where Pradarshani Marg was resolved to; if Padmodaya/Pradarshani Marg was meant as one combined waypoint, consider dropping this row and using S0066 for both -- VERIFY",2026-08-17T20:07:59Z,2026-08-17T20:07:59Z,False,,,
S0382,Baidya Khana,,27.698,85.33,Kathmandu,KATHMANDU,,False,,False,False,False,False,False,active,"ward,landmark,has_shelter,has_ticket_counter,wheelchair_access,audio_support -- 215m from S0196 Anamnagar Stop, worth a field check",2026-08-17T20:07:59Z,2026-08-17T20:07:59Z,False,,,
S0383,Harharmahadev,,27.693,85.372,Madhyapur Thimi,BHAKTAPUR,,False,,False,False,False,False,False,active,"district,zone,ward,landmark,has_shelter,has_ticket_counter,wheelchair_access,audio_support -- coords sit near the Kathmandu/Bhaktapur boundary (closest existing stop is 1.1km away in Madhyapur Thimi zone); district/zone assignment here is a guess, VERIFY",2026-08-17T20:07:59Z,2026-08-17T20:07:59Z,False,,,
S0384,Kandaghari,,27.695,85.368,Kathmandu,KATHMANDU,,False,,False,False,False,False,False,active,"ward,landmark,has_shelter,has_ticket_counter,wheelchair_access,audio_support",2026-08-17T20:07:59Z,2026-08-17T20:07:59Z,False,,,
