stop_id,stop_name,congestion_loss,congestion_score
S0003,Shobhabhagwati,0.0,0.0
S0004,Kaushaltar,206130.0,0.0663
S0005,Putalisadak Stop,0.0,0.0
S0006,KattyaniChowk Stop,0.0,0.0
S0008,Sataungal,0.0,0.0
S0010,Thankot,0.0,0.0
S0013,Ratna Park,115930.0,0.0373
S0014,Sallaghari North,58170.0,0.0187
S0015,Hanumanthan Stop,0.0,0.0
S0016,Bhimsengola stop,0.0,0.0
S0017,Tinkune Stop,180961.0,0.0582
S0020,Gwarko Chowk Stop,1136024.0,0.3652
S0022,Lokanthali North,276299.0,0.0888
S0023,Kalimati,773210.0,0.2486
S0024,Balkumari Stop,0.0,0.0
S0025,Kamal Binayak,0.0,0.0
S0026,Boudha,0.0,0.0
S0027,KMC stop,0.0,0.0
S0002,Kapan Stop,0.0,0.0
S0030,Chakrapath Stop-- South,0.0,0.0
S0011,Satdobato Chowk Stop,0.0,0.0
S0031,Bagbazar Stop,0.0,0.0
S0032,Dhapakhel Stop,0.0,0.0
S0033,Bijulibazar Stop,0.0,0.0
S0035,Maiti Devi chowk,49172.0,0.0158
S0036,Singha Durbar West Stop,603093.0,0.1939
S0038,Deuba Chowk stop,0.0,0.0
S0039,Nagarkot,0.0,0.0
S0040,Sundarijal,0.0,0.0
S0042,Kamaladi Road (कमलादी) stop,380136.0,0.1222
S0043,TU Gate,0.0,0.0
S0044,Narayan Gopal Chowk,0.0,0.0
S0045,Ratopul,0.0,0.0
S0046,Tempo Stop Near Old Baneshwar,0.0,0.0
S0049,Naya Bato,0.0,0.0
S0050,Mahalaxmi Stop,0.0,0.0
S0051,Tangal,0.0,0.0
S0052,JayaBageshwari Stop,0.0,0.0
S0054,Nikap,0.0,0.0
S0055,Dillibazaar stop,468697.0,0.1507
S0056,Tripureshwor,3110274.0,1.0
S0034,Buddhanagar Stop,0.0,0.0
S0053,Gairigaun Stop,0.0,0.0
S0058,Natole,0.0,0.0
S0059,SchEMS,0.0,0.0
S0065,Basundhara,0.0,0.0
S0066,Bhrikuti Mandap Stop,91179.0,0.0293
S0068,Baluwatar,0.0,0.0
S0070,Airport Bus Station,335611.0,0.1079
S0071,पिङ्गलस्थान,0.0,0.0
S0073,Chobhar Gate,0.0,0.0
S0075,New Baneshwor West,0.0,0.0
S0076,Sundhara Stop,939723.0,0.3021
S0077,Apex College Stop,0.0,0.0
S0078,Saat Tale Chowk,0.0,0.0
S0082,Panipokhari stop,0.0,0.0
S0083,Gyaneshwor Chowk,53555.0,0.0172
S0084,Panga Dobato,0.0,0.0
S0086,Tourism Board Stop,0.0,0.0
S0087,Lainchaur stop,419943.0,0.135
S0088,Bhadrakali,145158.0,0.0467
S0089,Suryabinayek,0.0,0.0
S0090,Sitapaila Stop,0.0,0.0
S0069,Naya Baneshwor Tampoo Station,0.0,0.0
S0062,Babarmahal Stop East,0.0,0.0
S0063,Kupondole stop,0.0,0.0
S0092,Gathaghar,228486.0,0.0735
S0094,Krishna Pauroti Stop,0.0,0.0
S0095,Sallaghari Stop,58170.0,0.0187
S0096,Budhanilkantha Micro Stand,0.0,0.0
S0098,Tinkune Bhaktapur,30717.0,0.0099
S0100,RNAC stop,0.0,0.0
S0101,MAV School,0.0,0.0
S0102,New Plaza Stop,108233.0,0.0348
S0103,Jawlakhel Stop,0.0,0.0
S0104,Lubhu Bus Stop,0.0,0.0
S0105,Bhatbhatini Stop,0.0,0.0
S0108,Thapagaun Stop,0.0,0.0
S0109,Chapal Karkhana stop,0.0,0.0
S0112,Lagankhel Stop,0.0,0.0
S0113,Balaju,0.0,0.0
S0115,Milan Chowk Stop,0.0,0.0
S0117,Sanga,0.0,0.0
S0118,Dhumbarahi,0.0,0.0
S0119,Thankot Checkpost,0.0,0.0
S0107,Koteshwor Stop,0.0,0.0
S0106,Nakhu Stop,0.0,0.0
S0110,Thimi Stop,0.0,0.0
S0120,Gothatar,0.0,0.0
S0121,Banepa Tindobato,0.0,0.0
S0123,Naxal Bhagwati,0.0,0.0
S0124,Teaching Hospital stop,290430.0,0.0934
S0125,Attarkhel,0.0,0.0
S0126,Maitidevi Temple stop,72676.0,0.0234
S0127,Shantinagar Stop,0.0,0.0
S0129,Bungmati,0.0,0.0
S0133,Saughal,0.0,0.0
S0134,Gopi Krishna Stop,0.0,0.0
S0135,Jorpati,506293.0,0.1628
S0136,Banepa,0.0,0.0
S0137,Ghantaghar (घण्टाघर) stop,57875.0,0.0186
S0139,Sinamangal/Ring Road Stop सिनामंगल,0.0,0.0
S0140,Gokarna Bus Stop,0.0,0.0
S0141,Tyogal,0.0,0.0
S0142,UN Stop,194844.0,0.0626
S0143,Budhanilkantha School Blue Micro Stand,0.0,0.0
S0144,Shivapuri Park Stop,0.0,0.0
S0145,Chyamasingh,0.0,0.0
S0146,Sakhu Stop,0.0,0.0
S0147,Radhe Radhe,0.0,0.0
S0138,Khumaltar Stop,0.0,0.0
S0148,Sinamangal,189650.0,0.061
S0149,Lazimpat stop,288038.0,0.0926
S0152,Jamal,249092.0,0.0801
S0154,Mangalbazar,0.0,0.0
S0155,Patan Hospital,0.0,0.0
S0156,Pepsi Cola Chowk,0.0,0.0
S0158,Bansbari stop,0.0,0.0
S0159,Jadibuti,1078776.0,0.3468
S0160,Bansdol,0.0,0.0
S0162,Thulo Bharang Stop,0.0,0.0
S0165,Mahakali Stop,0.0,0.0
S0166,Kantipath,249092.0,0.0801
S0167,ShivaDarshan Hall Stop,0.0,0.0
S0168,Jwagal,0.0,0.0
S0169,Gongabu Chowk,0.0,0.0
S0171,Bir Hospital,231989.0,0.0746
S0172,Hyatt Regency,0.0,0.0
S0173,Dakshinkali,0.0,0.0
S0174,Naya Bus Park,0.0,0.0
S0176,Budhanilkantha Stop,0.0,0.0
S0177,Balaju Chowk Bus Stop,0.0,0.0
S0178,Adarsha,0.0,0.0
S0179,Khokana,0.0,0.0
S0180,Sangam Chowk Stop,0.0,0.0
S0182,B & B Hospital/KCM Stop,0.0,0.0
S0183,Dhulikhel Stop,0.0,0.0
S0187,Samakhusi Stop,0.0,0.0
S0188,Gairidhara,0.0,0.0
S0189,Sanepa height,0.0,0.0
S0190,Jagati,0.0,0.0
S0194,Batuk Bhairav,0.0,0.0
S0195,Chabahil चाबाहील,539824.0,0.1736
S0196,Anamnagar Stop,0.0,0.0
S0197,Police Headquarter Stop,0.0,0.0
S0198,Ratnapark(purano bus park),115930.0,0.0373
S0200,Lamatar,0.0,0.0
S0202,Srijananagar,0.0,0.0
S0203,Tinkune Subidhanagar,143278.0,0.0461
S0204,Gaushala Chowk Stop,767130.0,0.2466
S0205,Ratna Rajya Stop,0.0,0.0
S0207,ASCOL Stop,0.0,0.0
S0208,Panauti,0.0,0.0
S0209,Singha Durbar East Stop,603093.0,0.1939
S0210,Ciy Center Stop,0.0,0.0
S0211,Swayambhu Parikarma,0.0,0.0
S0212,Banasthali,0.0,0.0
S0216,Thecho,0.0,0.0
S0217,Sukedhara Stop,0.0,0.0
S0219,Lagankhel,0.0,0.0
S0220,Balkumari Bridge Stop,0.0,0.0
S0221,Naya Bazar,0.0,0.0
S0222,Old Baneshwor,847462.0,0.2725
S0223,Lalitpur Industrial Estate,0.0,0.0
S0224,Changu Narayan,0.0,0.0
S0225,Kumari Club,0.0,0.0
S0226,Gahabahal,0.0,0.0
S0227,Mahapal,0.0,0.0
S0228,Dhungedhara,0.0,0.0
S0230,Balkhu,81270.0,0.0261
S0231,Golfutar stop,0.0,0.0
S0233,Balkhu Stop,81270.0,0.0261
S0234,Pulchowk,804004.0,0.2585
S0236,"NAC (Nepal Airlines Corporation, Kantipath)",0.0,0.0
S0237,Harihar Bhawan,716964.0,0.2305
S0238,Gangalal Hospital (Shahid Gangalal National Heart Centre),0.0,0.0
S0239,Godawari,0.0,0.0
S0240,Tribhuvan International Airport,335611.0,0.1079
S0241,"President's Residence (Sheetal Niwas, Maharajgunj)",0.0,0.0
S0242,Bungamati,0.0,0.0
S0243,Lele,0.0,0.0
S0244,Sunakothi,0.0,0.0
S0245,Badegaun,0.0,0.0
S0247,Bhaisepati,0.0,0.0
S0248,Chapagaun Dobato,276630.0,0.0889
S0249,Chapali Bhadrakali,0.0,0.0
S0250,Dholahiti,0.0,0.0
S0252,Gongabu Bus Park,0.0,0.0
S0253,Harisiddhi,0.0,0.0
S0254,Hattiban,0.0,0.0
S0255,Hattigauda,0.0,0.0
S0257,KIST Medical College Teaching Hospital,1136024.0,0.3652
S0259,New Baneshwor East,1013036.0,0.3257
S0260,Neuro Hospital Bansbari (Upendra Devkota Memorial NINAS),0.0,0.0
S0261,Pyangaun,0.0,0.0
S0262,Rata Makai Chowk,0.0,0.0
S0264,Sana Gaun Bus Stop,0.0,0.0
S0267,Taukhel,0.0,0.0
S0268,Nepal Telecom (Budhanilkantha),0.0,0.0
S0269,Tikabhairab Temple,0.0,0.0
S0270,Tribhuwan Park,0.0,0.0
S0266,Satungal,0.0,0.0
S0263,Ravi Bhavan,0.0,0.0
S0258,Nakkhu (bus stop),0.0,0.0
S0271,Soalteemode West,637266.0,0.2049
S0272,Handegaun,0.0,0.0
S0273,Dungin,0.0,0.0
S0275,Dui Adda (Dhunga Adda),0.0,0.0
S0276,Tek (Teku),0.0,0.0
S0256,Imadol Krishna Mandir Road,0.0,0.0
S0278,"N.A.Bh (Nepal Army Headquarters, Bhadrakali)",145158.0,0.0467
S0279,Takhal,0.0,0.0
S0057,Nikosera,0.0,0.0
S0081,Bhaktapur Hospital Stop,0.0,0.0
S0116,Damkal,0.0,0.0
S0161,Bhaktapur Bus Park,0.0,0.0
S0181,SanoThimi,182905.0,0.0588
S0192,Naya Naikap,0.0,0.0
S0213,Kumaripati,0.0,0.0
S0291,Naikap Bus Stop,0.0,0.0
S0292,Bosigaun Chowk / Checkpost,0.0,0.0
S0295,Underpass East / Khasibazaar,0.0,0.0
S0185,Thapathali,637819.0,0.2051
S0283,Nabil Bank,0.0,0.0
S0296,Soalteemode East,0.0,0.0
S0312,Lokanthali South,276299.0,0.0888
S0313,Balkot Mod,0.0,0.0
S0314,Balkot Chowk,0.0,0.0
S0315,Gamcha Bus Stop,0.0,0.0
S0316,Biruwa / Dadhikot Mod,0.0,0.0
S0317,Dadhikot Health Post,0.0,0.0
S0284,Harihar Bhawan/ Krishna galli,716964.0,0.2305
S0319,Siddhapokhari,0.0,0.0
S0326,Kausaltar,0.0,0.0
S0328,Jwagal Chowk,0.0,0.0
S0193,Lainchour Chowk Bus Stop,0.0,0.0
S0199,Byasi Stop,0.0,0.0
S0009,Dhokashi,0.0,0.0
S0085,Nagaon Dobato,0.0,0.0
S0048,Bhatkepati,0.0,0.0
S0072,Mandikhatar Stop,0.0,0.0
S0079,Sorhakhutte,17314.0,0.0056
S0093,Bishalnagar Stop,0.0,0.0
S0232,Matatirtha Stop,0.0,0.0
S0325,Gatthaghar,0.0,0.0
S0001,KU Bus Stand (26 Kilo),0.0,0.0
S0060,Chapagaun,0.0,0.0
S0047,Tinkune (Kirtipur side),0.0,0.0
S0019,Barahi Movies,0.0,0.0
S0337,Maharajgunj Chowk,0.0,0.0
S0338,Kamalpokhari,61718.0,0.0198
S0339,Hattisar,32882.0,0.0106
S0323,Purano Thimi / Siddhikali Chowk,413676.0,0.133
S0324,Balkumari Thimi,413676.0,0.133
S0341,Durbar Marg,142898.0,0.0459
S0344,Narayantar,0.0,0.0
S0346,Syuchatar,0.0,0.0
S0347,Tilganga,0.0,0.0
S0348,Battisputali,0.0,0.0
S0349,Macchapokhari,0.0,0.0
S0350,Jayabageshwori,0.0,0.0
S0351,Maligaun,0.0,0.0
S0352,Mahalaxmisthan,0.0,0.0
S0353,Sano Bharyang,0.0,0.0
S0354,Chappal Karkhana,0.0,0.0
S0355,Gopikrishna,0.0,0.0
S0357,Chhetrapati,0.0,0.0
S0356,Naya Bazar (Thamel),0.0,0.0
S0342,Thamel,266913.0,0.0858
S0360,Lubhu Bus Park,0.0,0.0
S0361,Dungin / School Chowk,0.0,0.0
S0362,Sanagaun Chowk,0.0,0.0
S0364,Imadol Krishna Mandir,0.0,0.0
S0365,Ratamakai Chowk,0.0,0.0
S0366,KIST Hospital Chowk,0.0,0.0
S0367,Prayag Pokhari / Patan College,0.0,0.0
S0368,Patan Hospital Dobato,0.0,0.0
S0153,Poolbazar Bus Stop (Pulbazar),0.0,0.0
S0229,Chundevi Bus Stop (Chunudevi),0.0,0.0
S0369,Thali,0.0,0.0
S0370,Danchhi,0.0,0.0
S0371,Bramhakhel,0.0,0.0
S0372,Pepsicola,0.0,0.0
S0373,Babachowk,0.0,0.0
S0374,Gothatar Height/Tarigaon,0.0,0.0
S0375,Gothatar Chowk,0.0,0.0
S0376,Gothatar School,0.0,0.0
S0377,Khahare,0.0,0.0
S0378,Khahare Chowk,0.0,0.0
S0379,Hanumansthan,0.0,0.0
S0358,Kirtipur Mod,0.0,0.0
S0380,Padmodaya,91179.0,0.0293
S0382,Baidya Khana,0.0,0.0
S0383,Harharmahadev,0.0,0.0
S_387,thapathali1,637819.0,0.2051
S_388,pragati chowk,0.0,0.0
S_389,narayanhiti marga,327300.0,0.1052
S_390,narayanhiti north gate stop,17363.0,0.0056
S_391,lainchaur chowk,0.0,0.0
S_392,gwarko,1136024.0,0.3652
S_393,Balkhu (TU Office),81270.0,0.0261
S0385,Unknown Stop,0.0,0.0
S0384,Kandaghari,0.0,0.0
S0041,BishnuDevi Health Centre,0.0,0.0
S0132,Maitighar Stop--South,1121752.0,0.3607
S0097,Maitighar,1121752.0,0.3607
S0067,Shahid Gate,0.0,0.0
S0246,Bafal,0.0,0.0
S_395,KALANKI,714104.0,0.2296
S0345,Khasi Bazaar,0.0,0.0
S0130,Kalanki,714104.0,0.2296
S_396,TRIPURESHWOR,3110274.0,1.0
S_397,MAITIDEVI,49172.0,0.0158
S0018,Sankhamul Stop,0.0,0.0
S0304,Naya Baneshwor Chowk,0.0,0.0
S_394,bhadrakali,145158.0,0.0467
S_398,sallaghari,58170.0,0.0187
S_399,koteshwor,1718800.0,0.5526
S_400,kalanki-l,714104.0,0.2296
S_401,Naag Dunga,0.0,0.0
S_402,Jadibuti south,1078776.0,0.3468
S_403,jadibuti west,1078776.0,0.3468
S_404,koteshwor west stop,0.0,0.0
S_405,civil hospital stop,166357.0,0.0535
S_406,bizulibazar pul,0.0,0.0
S_407,chundevi south,0.0,0.0
S_408,suryabinayak south,0.0,0.0
S_409,srijananagar bhaktapur,0.0,0.0
S_410,ekantakuna east,269777.0,0.0867
S_411,Thapathali College,0.0,0.0
S_412,radhe radhe south,0.0,0.0
S_413,madhyapur hospital(thimi),0.0,0.0
S_414,saanepa height east,0.0,0.0
S_415,JADIBUTI,1078776.0,0.3468
S_416,CHAPA GAUN,276630.0,0.0889
S_417,kalanki long distance bus stop,714104.0,0.2296
S0150,Baakha Bazaar,0.0,0.0
S0322,Nagadesh,0.0,0.0
S0007,Chardobato,0.0,0.0
S_418,balkhu stop east,81270.0,0.0261
S_419,ekanta kuna west,269777.0,0.0867
S_420,satdobato,835110.0,0.2685
S0363,Siddhipur / Tikathali Dobato,0.0,0.0
S0274,"Kamalpokhari (Lamatar-area, distinct from central Kathmandu Kamalpokhari)",0.0,0.0
S0099,Babarmahal Stop West,169872.0,0.0546
S0028,Babarmahal,169872.0,0.0546
S_421,gwarko ring road,1136024.0,0.3652
S_422,chardobato south,0.0,0.0
S_423,Ekantakuna north,269777.0,0.0867
S_424,jawlakhel west,0.0,0.0
S_425,pulchowk west,804004.0,0.2585
S_426,Nabil bank west stop,0.0,0.0
S0029,Minbhawan,0.0,0.0
S0214,Ekantakuna,269777.0,0.0867
