stop_id,stop_name,current_lat,current_lng,geocoded_lat,geocoded_lng,distance_m,status
S0002,Kapan Stop,27.729418,85.354064,27.7342051,85.3573186,621.3,MISMATCH
S0003,Shobhabhagwati,27.718204,85.312138,,,,NOT_FOUND
S0004,Kaushaltar,27.674541,85.364349,27.6744137,85.3621306,218.9,OK
S0005,Putalisadak Stop,27.70569,85.322552,27.7073922,85.3223982,189.9,OK
S0006,KattyaniChowk Stop,27.695366,85.344466,,,,NOT_FOUND
S0007,Chardobato,27.673553,85.381717,,,,NOT_FOUND
S0008,Sataungal,27.686988,85.2506,,,,NOT_FOUND
S0010,Thankot,27.706627,85.20574,27.6902884,85.2155817,2059.0,MISMATCH
S0011,Satdobato Chowk Stop,27.6656,85.3283,27.7397733,85.3809893,9743.3,MISMATCH
S0013,Ratna Park,27.706705,85.315249,27.7061564,85.3151182,62.3,OK
S0014,Sallaghari North,27.674055,85.409969,27.7020102,85.3110678,10222.1,MISMATCH
S0015,Hanumanthan Stop,27.693522,85.327603,27.694359,85.3243079,337.5,OK
S0016,Bhimsengola stop,27.700377,85.343256,27.6984859,85.343584,212.7,OK
S0017,Tinkune Stop,27.6835,85.3486,27.6852122,85.3486465,190.4,OK
S0018,Sankhamul Stop,27.681128,85.331587,27.6821125,85.3326133,149.0,OK
S0020,Gwarko Chowk Stop,27.6705,85.334,27.6636837,85.3293019,888.0,MISMATCH
S0022,Lokanthali North,27.674829,85.359862,,,,NOT_FOUND
S0023,Kalimati,27.69843,85.29944,27.7009137,85.2926558,722.8,MISMATCH
S0024,Balkumari Stop,27.6763,85.3395,27.6732928,85.342101,421.2,OK
S0025,Kamal Binayak,27.677327,85.436917,27.7059477,85.3229668,11662.0,MISMATCH
S0026,Boudha,27.72072,85.36176,27.7204977,85.3604163,134.6,OK
S0027,KMC stop,27.695834,85.352791,27.6980413,85.3132943,3896.3,MISMATCH
S0028,Babarmahal,27.692579,85.323905,27.6932347,85.3247236,108.7,OK
S0029,Minbhawan,27.6877,85.338462,27.6852473,85.3380108,276.3,OK
S0030,Chakrapath Stop-- South,27.739835,85.336915,,,,NOT_FOUND
S0031,Bagbazar Stop,27.705828,85.317204,27.705611,85.3206086,336.0,OK
S0032,Dhapakhel Stop,27.628084,85.327973,,,,NOT_FOUND
S0033,Bijulibazar Stop,27.692332,85.329615,27.6903414,85.3283208,255.4,OK
S0034,Buddhanagar Stop,27.68933,85.331039,27.6882136,85.3287354,258.6,OK
S0035,Maiti Devi chowk,27.703944,85.332682,,,,NOT_FOUND
S0036,Singha Durbar West Stop,27.69659,85.321228,,,,NOT_FOUND
S0038,Deuba Chowk stop,27.773756,85.36033,27.7748436,85.3610699,141.2,OK
S0039,Nagarkot,27.718471,85.519066,27.7277085,85.4623464,5676.6,MISMATCH
S0040,Sundarijal,27.757565,85.419394,27.758005,85.419189,52.9,OK
S0041,BishnuDevi Health Centre,27.680562,85.276439,,,,NOT_FOUND
S0042,Kamaladi Road (कमलादी) stop,27.707997,85.321282,27.7079962,85.3169267,428.8,OK
S0043,TU Gate,27.67888,85.297212,27.6787869,85.2971844,10.7,OK
S0044,Narayan Gopal Chowk,27.740022,85.337201,27.7400234,85.3370704,12.9,OK
S0045,Ratopul,27.708117,85.336428,27.7080707,85.3369182,48.5,OK
S0046,Tempo Stop Near Old Baneshwar,27.700669,85.339677,,,,NOT_FOUND
S0049,Naya Bato,27.676114,85.293897,27.6761142,85.2938967,0.0,OK
S0050,Mahalaxmi Stop,27.676102,85.433768,27.6717826,85.2846537,14691.8,MISMATCH
S0051,Tangal,27.717202,85.330449,27.7172307,85.3304488,3.2,OK
S0052,JayaBageshwari Stop,27.711989,85.344999,,,,NOT_FOUND
S0053,Gairigaun Stop,27.687275,85.35056,27.7543112,85.304863,8706.1,MISMATCH
S0054,Nikap,27.686091,85.26229,,,,NOT_FOUND
S0055,Dillibazaar stop,27.70537,85.326759,27.705992,85.3266321,70.3,OK
S0056,Tripureshwor,27.694418,85.314128,27.6926021,85.3145333,205.8,OK
S0058,Natole,27.676065,85.318202,,,,NOT_FOUND
S0059,SchEMS,27.694334,85.337154,27.6941955,85.3373394,23.9,OK
S0062,Babarmahal Stop East,27.69032,85.328762,,,,NOT_FOUND
S0063,Kupondole stop,27.688005,85.316248,,,,NOT_FOUND
S0065,Basundhara,27.7378,85.3215,27.7422381,85.3326175,1200.3,MISMATCH
S0066,Bhrikuti Mandap Stop,27.702122,85.318738,27.701661,85.3183217,65.6,OK
S0067,Shahid Gate,27.699685,85.314748,27.6995892,85.3149733,24.6,OK
S0068,Baluwatar,27.724427,85.331034,27.7246028,85.3310167,19.6,OK
S0069,Naya Baneshwor Tampoo Station,27.688586,85.334689,,,,NOT_FOUND
S0070,Airport Bus Station,27.700728,85.353666,27.7004571,85.3540571,48.9,OK
S0071,पिङ्गलस्थान,27.70581,85.347131,27.7057939,85.3472879,15.5,OK
S0073,Chobhar Gate,27.670449,85.290622,,,,NOT_FOUND
S0075,New Baneshwor West,27.690327,85.335954,27.6899076,85.3356591,54.9,OK
S0076,Sundhara Stop,27.700542,85.313503,27.700077,85.3129846,72.7,OK
S0077,Apex College Stop,27.69907,85.338327,27.6992287,85.3378787,47.5,OK
S0078,Saat Tale Chowk,27.726959,85.350484,,,,NOT_FOUND
S0082,Panipokhari stop,27.730686,85.325986,27.7292515,85.3247457,200.9,OK
S0083,Gyaneshwor Chowk,27.708687,85.331826,,,,NOT_FOUND
S0084,Panga Dobato,27.674758,85.280408,27.6747581,85.2804077,0.0,OK
S0086,Tourism Board Stop,27.702332,85.3168,27.7018155,85.3170786,63.6,OK
S0087,Lainchaur stop,27.718757,85.317697,27.7194096,85.315162,259.9,OK
S0088,Bhadrakali,27.699352,85.317713,27.766667,85.35,8131.7,MISMATCH
S0089,Suryabinayek,27.66574,85.424212,,,,NOT_FOUND
S0090,Sitapaila Stop,27.7086,85.2868,27.7074532,85.2824928,442.8,OK
S0092,Gathaghar,27.674014,85.373177,,,,NOT_FOUND
S0094,Krishna Pauroti Stop,27.710369,85.322281,27.7102249,85.3223654,18.0,OK
S0095,Sallaghari Stop,27.669934,85.41116,27.7020102,85.3110678,10481.0,MISMATCH
S0096,Budhanilkantha Micro Stand,27.776459,85.361934,,,,NOT_FOUND
S0097,Maitighar,27.693965,85.320962,27.6943461,85.3198448,117.9,OK
S0098,Tinkune Bhaktapur,27.672289,85.406828,,,,NOT_FOUND
S0099,Babarmahal Stop West,27.692337,85.3244,,,,NOT_FOUND
S0100,RNAC stop,27.70221,85.313638,27.7027682,85.3134888,63.8,OK
S0101,MAV School,27.657068,85.326288,,,,NOT_FOUND
S0102,New Plaza Stop,27.700951,85.322918,27.7007581,85.3233339,46.2,OK
S0103,Jawlakhel Stop,27.672577,85.314174,,,,NOT_FOUND
S0104,Lubhu Bus Stop,27.642901,85.373398,,,,NOT_FOUND
S0105,Bhatbhatini Stop,27.719211,85.331082,27.7262292,85.3022218,2946.0,MISMATCH
S0106,Nakhu Stop,27.668972,85.306293,27.6599852,85.3075736,1007.2,MISMATCH
S0107,Koteshwor Stop,27.6802001,85.3494489,27.6734413,85.342163,1039.0,MISMATCH
S0108,Thapagaun Stop,27.691133,85.334031,27.692798,85.2775141,5567.6,MISMATCH
S0109,Chapal Karkhana stop,27.734807,85.342234,27.7346691,85.3433942,115.2,OK
S0110,Thimi Stop,27.673336,85.386293,27.6645294,85.3856216,981.5,MISMATCH
S0112,Lagankhel Stop,27.6668,85.3219,,,,NOT_FOUND
S0113,Balaju,27.7275,85.3005,27.7309464,85.2980817,451.1,OK
S0115,Milan Chowk Stop,27.695169,85.340638,27.695048,85.340662,13.7,OK
S0117,Sanga,27.641915,85.477679,27.675228,85.3422825,13839.9,MISMATCH
S0118,Dhumbarahi,27.731787,85.344365,27.7250256,85.34074,832.2,MISMATCH
S0119,Thankot Checkpost,27.689002,85.227229,,,,NOT_FOUND
S0120,Gothatar,27.703133,85.369443,27.6927882,85.3712973,1164.7,MISMATCH
S0121,Banepa Tindobato,27.631218,85.51877,,,,NOT_FOUND
S0123,Naxal Bhagwati,27.712698,85.328691,27.7135879,85.325795,301.8,OK
S0124,Teaching Hospital stop,27.734523,85.330711,27.7361084,85.3301725,184.1,OK
S0125,Attarkhel,27.734548,85.382452,27.7367691,85.3838229,281.4,OK
S0126,Maitidevi Temple stop,27.706412,85.333733,27.707505,85.325639,806.0,MISMATCH
S0127,Shantinagar Stop,27.687086,85.341372,27.7369669,85.3627442,5932.1,MISMATCH
S0129,Bungmati,27.62857,85.304032,,,,NOT_FOUND
S0130,Kalanki,27.6938,85.2818,27.6956114,85.2796064,295.3,OK
S0133,Saughal,27.670479,85.327219,,,,NOT_FOUND
S0134,Gopi Krishna Stop,27.720629,85.346099,27.721682,85.3457274,122.7,OK
S0135,Jorpati,27.721763,85.372632,27.7219909,85.3730523,48.5,OK
S0136,Banepa,27.630047,85.523985,27.67766,85.3482382,18101.4,MISMATCH
S0137,Ghantaghar (घण्टाघर) stop,27.708043,85.317116,27.7075045,85.3168184,66.7,OK
S0138,Khumaltar Stop,27.65382,85.329107,,,,NOT_FOUND
S0139,Sinamangal/Ring Road Stop सिनामंगल,27.6983,85.3533,,,,NOT_FOUND
S0140,Gokarna Bus Stop,27.740306,85.39072,27.7406116,85.3904151,45.3,OK
S0141,Tyogal,27.668631,85.329848,,,,NOT_FOUND
S0142,UN Stop,27.678104,85.316327,,,,NOT_FOUND
S0143,Budhanilkantha School Blue Micro Stand,27.778969,85.358998,,,,NOT_FOUND
S0144,Shivapuri Park Stop,27.791067,85.37041,27.7630962,85.4255144,6250.1,MISMATCH
S0145,Chyamasingh,27.673427,85.438368,,,,NOT_FOUND
S0146,Sakhu Stop,27.727684,85.461668,27.7290403,85.4670564,551.4,MISMATCH
S0147,Radhe Radhe,27.67459,85.39748,27.7066414,85.3287986,7644.0,MISMATCH
S0148,Sinamangal,27.698432,85.348521,27.6991844,85.3504227,205.1,OK
S0149,Lazimpat stop,27.722523,85.320924,27.7192324,85.318208,453.2,OK
S0152,Jamal,27.708829,85.315292,27.7094872,85.3171101,193.4,OK
S0154,Mangalbazar,27.672641,85.32499,,,,NOT_FOUND
S0155,Patan Hospital,27.668489,85.321642,27.6426297,85.338126,3302.1,MISMATCH
S0156,Pepsi Cola Chowk,27.689209,85.360354,,,,NOT_FOUND
S0158,Bansbari stop,27.745758,85.342373,27.7460717,85.3427702,52.4,OK
S0159,Jadibuti,27.675459,85.3516,27.6753786,85.3515761,9.2,OK
S0160,Bansdol,27.632201,85.494012,,,,NOT_FOUND
S0162,Thulo Bharang Stop,27.719748,85.287051,,,,NOT_FOUND
S0165,Mahakali Stop,27.675964,85.431831,27.6737763,85.2822325,14733.6,MISMATCH
S0166,Kantipath,27.708912,85.314607,27.7092826,85.3166186,202.3,OK
S0167,ShivaDarshan Hall Stop,27.692336,85.336217,,,,NOT_FOUND
S0168,Jwagal,27.685593,85.318106,,,,NOT_FOUND
S0169,Gongabu Chowk,27.734978,85.314447,27.7349404,85.3146154,17.1,OK
S0171,Bir Hospital,27.705723,85.314074,27.7051958,85.3130419,117.3,OK
S0172,Hyatt Regency,27.7194,85.354109,27.7195659,85.3540123,20.8,OK
S0173,Dakshinkali,27.613062,85.264669,27.6109788,85.264281,234.8,OK
S0174,Naya Bus Park,27.7303,85.3082,27.7329764,85.3081087,297.7,OK
S0176,Budhanilkantha Stop,27.776743,85.36214,27.7768321,85.3620855,11.3,OK
S0177,Balaju Chowk Bus Stop,27.726165,85.304975,27.7260406,85.304997,14.0,OK
S0178,Adarsha,27.666463,85.433093,27.681065,85.3459023,8738.3,MISMATCH
S0179,Khokana,27.635969,85.300606,27.6272337,85.2912733,1337.4,MISMATCH
S0180,Sangam Chowk Stop,27.693196,85.340502,27.7002065,85.3271693,1526.7,MISMATCH
S0182,B & B Hospital/KCM Stop,27.664221,85.330151,,,,NOT_FOUND
S0183,Dhulikhel Stop,27.618415,85.554015,,,,NOT_FOUND
S0187,Samakhusi Stop,27.7335,85.3125,27.7354232,85.3221368,972.3,MISMATCH
S0188,Gairidhara,27.717774,85.327892,27.7177295,85.3278347,7.5,OK
S0189,Sanepa height,27.674468,85.302217,,,,NOT_FOUND
S0190,Jagati,27.666463,85.436463,27.6949555,85.3484058,9231.6,MISMATCH
S0194,Batuk Bhairav,27.664475,85.324003,27.662775,85.3294325,567.1,MISMATCH
S0195,Chabahil चाबाहील,27.717,85.3465,27.717121,85.3465225,13.6,OK
S0196,Anamnagar Stop,27.699488,85.3286,27.692849,85.3284387,738.4,MISMATCH
S0197,Police Headquarter Stop,27.716634,85.330214,27.7157591,85.3286297,183.8,OK
S0198,Purano Bus Park,27.703654,85.316517,,,,NOT_FOUND
S0200,Lamatar,27.628007,85.395369,,,,NOT_FOUND
S0202,Srijananagar,27.672911,85.404267,,,,NOT_FOUND
S0203,Tinkune Subidhanagar,27.686056,85.345662,27.6858615,85.3441657,148.9,OK
S0204,Gaushala Chowk Stop,27.7082,85.3485,27.7092549,85.34642,236.0,OK
S0205,Ratna Rajya Stop,27.695667,85.33762,27.6958061,85.3373296,32.5,OK
S0207,ASCOL Stop,27.71738,85.314811,27.7177359,85.3127992,201.9,OK
S0208,Panauti,27.587136,85.513334,,,,NOT_FOUND
S0209,Singha Durbar East Stop,27.696608,85.32815,,,,NOT_FOUND
S0210,Ciy Center Stop,27.709819,85.326984,,,,NOT_FOUND
S0211,Swayambhu Parikarma,27.7125,85.2862,27.7145862,85.286739,238.0,OK
S0212,Banasthali,27.72483,85.297605,27.7249402,85.2977635,19.8,OK
S0214,Ekantakuna,27.668,85.3121,27.6647679,85.3140465,407.3,OK
S0216,Thecho,27.6153,85.319176,,,,NOT_FOUND
S0217,Sukedhara Stop,27.7245,85.3438,27.7257596,85.3443178,149.0,OK
S0219,Lagankhel,27.662461,85.323946,,,,NOT_FOUND
S0220,Balkumari Bridge Stop,27.673762,85.342508,27.6730531,85.3418165,104.2,OK
S0221,Naya Bazar,27.677149,85.28139,27.6770776,85.2819463,55.4,OK
S0222,Old Baneshwor,27.70152,85.340204,27.6906603,85.3360043,1276.4,MISMATCH
S0223,Lalitpur Industrial Estate,27.667312,85.322256,,,,NOT_FOUND
S0224,Changu Narayan,27.716321,85.43078,27.730116,85.3493872,8157.0,MISMATCH
S0225,Kumari Club,27.682663,85.298599,27.6826476,85.2985509,5.0,OK
S0226,Gahabahal,27.674297,85.321046,,,,NOT_FOUND
S0227,Mahapal,27.67355,85.32389,,,,NOT_FOUND
S0228,Dhungedhara,27.72341,85.294675,27.7242881,85.2895043,518.2,MISMATCH
S0230,Balkhu,27.6823,85.2985,27.6859579,85.2952622,516.8,MISMATCH
S0231,Golfutar stop,27.75144,85.345969,27.7751113,85.3611981,3028.8,MISMATCH
S0233,Balkhu Stop,27.684798,85.298592,27.6859579,85.2952622,352.3,OK
S0234,Pulchowk,27.6782,85.3169,27.6775153,85.3109861,587.3,MISMATCH
S0236,"NAC (Nepal Airlines Corporation, Kantipath)",27.7076,85.3143,,,,NOT_FOUND
S0237,Harihar Bhawan,27.6808,85.3131,,,,NOT_FOUND
S0238,Gangalal Hospital (Shahid Gangalal National Heart Centre),27.746,85.3438,,,,NOT_FOUND
S0239,Godawari,27.597,85.3798,27.7058607,85.3200086,13461.3,MISMATCH
S0240,Tribhuvan International Airport,27.6966,85.3591,27.6939119,85.3582197,311.2,OK
S0241,"President's Residence (Sheetal Niwas, Maharajgunj)",27.71716,85.31648,,,,NOT_FOUND
S0242,Bungamati,27.62,85.3,,,,NOT_FOUND
S0243,Lele,27.57,85.34,,,,NOT_FOUND
S0244,Sunakothi,27.64,85.32,,,,NOT_FOUND
S0245,Badegaun,27.6172763,85.3536735,,,,NOT_FOUND
S0246,Bafal,27.7021638,85.2780949,27.7017723,85.2879742,973.6,MISMATCH
S0247,Bhaisepati,27.6525418,85.3048668,27.6538132,85.3044253,147.9,OK
S0248,Chapagaun Dobato,27.6579362,85.3225346,27.6578462,85.3225256,10.0,OK
S0249,Chapali Bhadrakali,27.7803217,85.3730428,27.7711322,85.3621568,1480.3,MISMATCH
S0250,Dholahiti,27.6402341,85.3181452,,,,NOT_FOUND
S0252,Gongabu Bus Park,27.7331364,85.3083967,27.7329764,85.3081087,33.5,OK
S0253,Harisiddhi,27.6388413,85.3420486,27.6875486,85.3262306,5635.6,MISMATCH
S0254,Hattiban,27.6503757,85.3368812,27.6474651,85.3348035,382.9,OK
S0255,Hattigauda,27.7553479,85.3478614,27.7569277,85.3494691,236.4,OK
S0256,Imadol Krishna Mandir Road,27.6631915,85.3423521,,,,NOT_FOUND
S0257,KIST Medical College Teaching Hospital,27.6628241,85.3347172,,,,NOT_FOUND
S0258,Nakkhu (bus stop),27.6638808,85.306311,,,,NOT_FOUND
S0259,New Baneshwor East,27.6915196,85.3420486,27.6899076,85.3356591,654.1,MISMATCH
S0260,Neuro Hospital Bansbari (Upendra Devkota Memorial NINAS),27.7486124,85.3460046,,,,NOT_FOUND
S0261,Pyangaun,27.5981685,85.3251264,,,,NOT_FOUND
S0262,Rata Makai Chowk,27.6648107,85.3410552,,,,NOT_FOUND
S0263,Ravi Bhavan,27.6950507,85.2948778,,,,NOT_FOUND
S0264,Sana Gaun Bus Stop,27.649786,85.3589255,,,,NOT_FOUND
S0266,Satungal,27.6825156,85.2489603,27.6806914,85.2448709,450.9,OK
S0267,Taukhel,27.6117622,85.357324,,,,NOT_FOUND
S0268,Nepal Telecom (Budhanilkantha),27.733891,85.3595657,27.7548345,85.3485124,2570.3,MISMATCH
S0269,Tikabhairab Temple,27.5746276,85.3128817,,,,NOT_FOUND
S0270,Tribhuwan Park,27.689954,85.220857,27.690241,85.2205516,43.8,OK
S0271,Soalteemode West,27.7005956,85.2858267,,,,NOT_FOUND
S0272,Handegaun,27.6145,85.3555,,,,NOT_FOUND
S0273,Dungin,27.6355,85.3844,,,,NOT_FOUND
S0274,"Kamalpokhari (Lamatar-area, distinct from central Kathmandu Kamalpokhari)",27.66583,85.334253,,,,NOT_FOUND
S0275,Dui Adda (Dhunga Adda),27.691351,85.275754,,,,NOT_FOUND
S0276,Tek (Teku),27.696325,85.306981,,,,NOT_FOUND
S0278,"N.A.Bh (Nepal Army Headquarters, Bhadrakali)",27.69941,85.31481,,,,NOT_FOUND
S0279,Takhal,27.586,85.318,,,,NOT_FOUND
S0057,Nikosera,27.680054,85.39845,,,,NOT_FOUND
S0081,Bhaktapur Hospital Stop,27.671988,85.422408,27.6695229,85.4660082,4302.4,MISMATCH
S0116,Damkal,27.675796,85.315747,27.6775153,85.3109861,506.3,MISMATCH
S0132,Maitighar Stop--South,27.694112,85.319308,27.6938924,85.3212453,192.3,OK
S0150,Baakha Bazaar,27.682879,85.385831,,,,NOT_FOUND
S0161,Bhaktapur Bus Park,27.671307,85.422416,27.7056651,85.3169812,11062.0,MISMATCH
S0181,SanoThimi,27.682682,85.37234,,,,NOT_FOUND
S0185,Thapathali,27.691767,85.318016,27.6915948,85.3201449,210.5,OK
S0192,Naya Naikap,27.701283,85.289181,27.6914202,85.2666976,2470.4,MISMATCH
S0213,Kumaripati,27.67084,85.320098,27.6667443,85.3178807,505.1,MISMATCH
S0283,Nabil Bank,27.6828614259285,85.3184559776392,27.6913755,85.2987395,2159.9,MISMATCH
S0284,Harihar Bhawan/ Krishna galli,27.6812082856123,85.317350907549,,,,NOT_FOUND
S0291,Naikap Bus Stop,27.689104,85.263889,27.6939803,85.2603489,644.6,MISMATCH
S0292,Bosigaun Chowk / Checkpost,27.690812,85.269415,,,,NOT_FOUND
S0295,Underpass East / Khasibazaar,27.695214,85.288912,,,,NOT_FOUND
S0296,Soalteemode East,27.696812,85.292541,,,,NOT_FOUND
S0304,Naya Baneshwor Chowk,27.691512,85.333065,,,,NOT_FOUND
S0312,Lokanthali South,27.671325,85.358214,,,,NOT_FOUND
S0313,Balkot Mod,27.668512,85.360124,,,,NOT_FOUND
S0314,Balkot Chowk,27.666418,85.36215,,,,NOT_FOUND
S0315,Gamcha Bus Stop,27.659812,85.365318,,,,NOT_FOUND
S0316,Biruwa / Dadhikot Mod,27.656214,85.367102,,,,NOT_FOUND
S0317,Dadhikot Health Post,27.653102,85.368845,,,,NOT_FOUND
S0319,Siddhapokhari,27.672102,85.415214,,,,NOT_FOUND
S0322,Nagadesh,27.676214,85.385102,,,,NOT_FOUND
S0323,Purano Thimi / Siddhikali Chowk,27.678125,85.378942,,,,NOT_FOUND
S0324,Balkumari Thimi,27.67631,85.373115,,,,NOT_FOUND
S0325,Gatthaghar,27.673981,85.366812,27.7062198,85.297609,7699.2,MISMATCH
S0326,Kausaltar,27.672102,85.361921,,,,NOT_FOUND
S0328,Jwagal Chowk,27.683512,85.321045,,,,NOT_FOUND
S0193,Lainchour Chowk Bus Stop,27.717048,85.316046,,,,NOT_FOUND
S0199,Byasi Stop,27.674804,85.427443,,,,NOT_FOUND
S0009,Dhokashi,27.670661,85.279034,27.670661,85.2790338,0.0,OK
S0085,Nagaon Dobato,27.674795,85.277757,27.6747945,85.2777568,0.1,OK
S0048,Bhatkepati,27.665215,85.254394,27.6604691,85.2510109,624.1,MISMATCH
S0072,Mandikhatar Stop,27.736293,85.347685,27.7362631,85.347674,3.5,OK
S0079,Sorhakhutte,27.718967,85.309619,27.7188423,85.3095996,14.0,OK
S0093,Bishalnagar Stop,27.721954,85.335587,27.7217784,85.335557,19.7,OK
S0232,Matatirtha Stop,27.680577,85.232858,27.6749394,85.2369873,747.2,MISMATCH
S0001,KU Bus Stand (26 Kilo),27.625178,85.540892,,,,NOT_FOUND
S0060,Chapagaun,27.592941,85.324403,27.6578462,85.3225256,7219.5,MISMATCH
S0047,Tinkune (Kirtipur side),27.676654,85.283543,,,,NOT_FOUND
S0019,Barahi Movies,27.665917,85.421493,,,,NOT_FOUND
S0337,Maharajgunj Chowk,27.736,85.3308,27.7353954,85.3319686,133.2,OK
S0338,Kamalpokhari,27.7107,85.3252,27.7101558,85.3239957,133.1,OK
S0339,Hattisar,27.7095,85.3238,27.7121205,85.3221141,335.3,OK
S0341,Durbar Marg,27.712,85.317,27.7070691,85.3165195,550.3,MISMATCH
S0342,Thamel,27.7154,85.3123,27.7166578,85.3127015,145.3,OK
S0344,Narayantar,27.724563,85.379906,27.7214444,85.3800328,347.0,OK
S0345,Khasi Bazaar,27.6895,85.2845,,,,NOT_FOUND
S0346,Syuchatar,27.70096,85.27484,27.6990324,85.2814676,686.8,MISMATCH
S0347,Tilganga,27.7145,85.3495,27.7045166,85.3510011,1119.9,MISMATCH
S0348,Battisputali,27.704,85.335,,,,NOT_FOUND
S0349,Macchapokhari,27.728,85.302,27.7344843,85.3034735,735.5,MISMATCH
S0350,Jayabageshwori,27.7165,85.352,27.7103268,85.3439822,1046.0,MISMATCH
S0351,Maligaun,27.7225,85.332,27.7137828,85.3344018,997.7,MISMATCH
S0352,Mahalaxmisthan,27.6651,85.3218,27.6621751,85.3171035,565.4,MISMATCH
S0353,Sano Bharyang,27.7198,85.2915,27.7209172,85.2892154,256.9,OK
S0354,Chappal Karkhana,27.7305,85.332,27.7349193,85.3424002,1135.5,MISMATCH
S0355,Gopikrishna,27.719,85.356,,,,NOT_FOUND
S0356,Naya Bazar (Thamel),27.7135,85.3095,,,,NOT_FOUND
S0357,Chhetrapati,27.7128,85.309,27.7112071,85.3086148,181.1,OK
S0358,Kirtipur Mod,27.68,85.292,,,,NOT_FOUND
S0360,Lubhu Bus Park,27.6496,85.362,,,,NOT_FOUND
S0361,Dungin / School Chowk,27.6535,85.3562,,,,NOT_FOUND
S0362,Sanagaun Chowk,27.6582,85.3495,,,,NOT_FOUND
S0363,Siddhipur / Tikathali Dobato,27.662,85.3442,,,,NOT_FOUND
S0364,Imadol Krishna Mandir,27.6655,85.3388,,,,NOT_FOUND
S0365,Ratamakai Chowk,27.668,85.3362,,,,NOT_FOUND
S0366,KIST Hospital Chowk,27.6692,85.335,,,,NOT_FOUND
S0367,Prayag Pokhari / Patan College,27.6685,85.3265,,,,NOT_FOUND
S0368,Patan Hospital Dobato,27.6672,85.3235,,,,NOT_FOUND
S0153,Poolbazar Bus Stop (Pulbazar),27.6322,85.5153,,,,NOT_FOUND
S0229,Chundevi Bus Stop (Chunudevi),27.6669,85.4172,,,,NOT_FOUND
S0369,Thali,27.72694,85.40417,27.7271011,85.4044485,32.7,OK
S0370,Danchhi,27.72989,85.41778,27.7362385,85.4155265,739.9,MISMATCH
S0371,Bramhakhel,27.7299,85.4279,,,,NOT_FOUND
S0372,Pepsicola,27.6915,85.3621,27.6887901,85.3667416,547.4,MISMATCH
S0373,Babachowk,27.6975,85.3686,,,,NOT_FOUND
S0374,Gothatar Height/Tarigaon,27.702,85.367,,,,NOT_FOUND
S0375,Gothatar Chowk,27.7005,85.365,,,,NOT_FOUND
S0376,Gothatar School,27.699,85.364,27.7073275,85.3768406,1567.0,MISMATCH
S0377,Khahare,27.688,85.359,27.7063953,85.2297401,12889.5,MISMATCH
S0378,Khahare Chowk,27.6875,85.3585,27.6967912,85.3663548,1290.5,MISMATCH
S0379,Hanumansthan,27.6965,85.3275,27.6933054,85.3275196,355.2,OK
S0380,Padmodaya,27.7015,85.318,27.7015277,85.3218282,376.9,OK
S0382,Baidya Khana,27.698,85.33,,,,NOT_FOUND
S0383,Harharmahadev,27.693,85.372,27.6951657,85.3800349,826.9,MISMATCH
S0384,Kandaghari,27.695,85.368,,,,NOT_FOUND
