route_id,stop_id,sequence_no,stop_name
R2276770,S0198,1,Ratnapark(purano bus park)
R2276770,S0086,2,Tourism Board Stop
R2276770,S0088,3,Bhadrakali
R2276770,S0036,4,Singha Durbar West Stop
R2276770,S0097,5,Maitighar
R2276770,S0028,6,Babarmahal
R2276770,S0099,7,Babarmahal Stop West
R2276770,S0034,8,Buddhanagar Stop
R2276770,S0062,9,Babarmahal Stop East
R2276770,S0069,10,Naya Baneshwor Tampoo Station
R2276770,S0029,11,Minbhawan
R2276770,S0127,12,Shantinagar Stop
R2276770,S0017,13,Tinkune Stop
R2276770,S0203,14,Tinkune Subidhanagar
R2276770,S0107,15,Koteshwor Stop
R2276770,S0159,16,Jadibuti
R2276770,S0022,17,Lokanthali North
R2276770,S0004,18,Kaushaltar
R2276770,S0092,19,Gathaghar
R2276770,S0007,20,Chardobato
R2276770,S0110,21,Thimi Stop
R2276999,S0003,1,Shobhabhagwati
R2276999,S0207,2,ASCOL Stop
R2276999,S_391,3,lainchaur chowk
R2276999,S0152,4,Jamal
R2276999,S0166,5,Kantipath
R2276999,S0137,6,Ghantaghar (घण्टाघर) stop
R2276999,S0042,7,Kamaladi Road (कमलादी) stop
R2276999,S0094,8,Krishna Pauroti Stop
R2276999,S0210,9,Ciy Center Stop
R2276999,S0083,10,Gyaneshwor Chowk
R2276999,S0035,11,Maiti Devi chowk
R2276999,S0222,12,Old Baneshwor
R2276999,S0016,13,Bhimsengola stop
R2276999,S0148,14,Sinamangal
R2276999,S0027,15,KMC stop
R2276999,S0139,16,Sinamangal/Ring Road Stop सिनामंगल
R2276999,S0053,17,Gairigaun Stop
R2276999,S0107,18,Koteshwor Stop
R2277212,S0198,1,Ratnapark(purano bus park)
R2277212,S0137,2,Ghantaghar (घण्टाघर) stop
R2277212,S0094,3,Krishna Pauroti Stop
R2277212,S0042,4,Kamaladi Road (कमलादी) stop
R2277212,S0005,5,Putalisadak Stop
R2277212,S0055,6,Dillibazaar stop
R2277212,S0035,7,Maiti Devi chowk
R2277212,S0222,8,Old Baneshwor
R2277212,S0016,9,Bhimsengola stop
R2277212,S0148,10,Sinamangal
R2277212,S0027,11,KMC stop
R2277212,S0139,12,Sinamangal/Ring Road Stop सिनामंगल
R2277212,S0053,13,Gairigaun Stop
R2277212,S0107,14,Koteshwor Stop
R2282031,S0198,1,Ratnapark(purano bus park)
R2282031,S0086,2,Tourism Board Stop
R2282031,S0067,3,Shahid Gate
R2282031,S0076,4,Sundhara Stop
R2282031,S0056,5,Tripureshwor
R2282031,S0023,6,Kalimati
R2282031,S0230,7,Balkhu
R2282031,S0233,8,Balkhu Stop
R2282031,S0225,9,Kumari Club
R2282031,S0043,10,TU Gate
R2282031,S0049,11,Naya Bato
R2282031,S0047,12,Tinkune (Kirtipur side)
R2282031,S0221,13,Naya Bazar
R2282031,S0084,14,Panga Dobato
R2282031,S0085,15,Nagaon Dobato
R2282031,S0041,16,BishnuDevi Health Centre
R2282101,S0040,1,Sundarijal
R2282101,S0140,2,Gokarna Bus Stop
R2282101,S0125,3,Attarkhel
R2282101,S0135,4,Jorpati
R2282101,S0026,5,Boudha
R2282101,S0172,6,Hyatt Regency
R2282101,S0195,7,Chabahil चाबाहील
R2282101,S0052,8,JayaBageshwari Stop
R2282101,S0204,9,Gaushala Chowk Stop
R2282101,S0045,10,Ratopul
R2282101,S0083,11,Gyaneshwor Chowk
R2282101,S0210,12,Ciy Center Stop
R2282101,S0094,13,Krishna Pauroti Stop
R2282101,S0042,14,Kamaladi Road (कमलादी) stop
R2282101,S0198,15,Ratnapark(purano bus park)
R2294107,S0013,1,Ratna Park
R2294107,S0171,2,Bir Hospital
R2294107,S0100,3,RNAC stop
R2294107,S0076,4,Sundhara Stop
R2294107,S0067,5,Shahid Gate
R2294107,S0088,6,Bhadrakali
R2294107,S0036,7,Singha Durbar West Stop
R2294107,S0132,8,Maitighar Stop--South
R2294107,S0185,9,Thapathali
R2294107,S0063,10,Kupondole stop
R2294107,S0168,11,Jwagal
R2294107,S0142,12,UN Stop
R2294107,S0058,13,Natole
R2294107,S0226,14,Gahabahal
R2294107,S0227,15,Mahapal
R2294107,S0154,16,Mangalbazar
R2294107,S0133,17,Saughal
R2294107,S0141,18,Tyogal
R2294107,S0020,19,Gwarko Chowk Stop
R2294152,S0013,1,Ratna Park
R2294152,S0198,2,Ratnapark(purano bus park)
R2294152,S0086,3,Tourism Board Stop
R2294152,S0088,4,Bhadrakali
R2294152,S0036,5,Singha Durbar West Stop
R2294152,S0097,6,Maitighar
R2294152,S0132,7,Maitighar Stop--South
R2294152,S0185,8,Thapathali
R2294152,S0063,9,Kupondole stop
R2294152,S0168,10,Jwagal
R2294152,S0328,11,Jwagal Chowk
R2294152,S0283,12,Nabil Bank
R2294152,S0284,13,Harihar Bhawan/ Krishna galli
R2294152,S0142,14,UN Stop
R2294152,S0116,15,Damkal
R2294152,S0103,16,Jawlakhel Stop
R2294152,S0213,17,Kumaripati
R2294152,S0155,18,Patan Hospital
R2294152,S0112,19,Lagankhel Stop
R2294152,S0223,20,Lalitpur Industrial Estate
R2295734,S0013,1,Ratna Park
R2295734,S0166,2,Kantipath
R2295734,S0152,3,Jamal
R2295734,S0193,4,Lainchour Chowk Bus Stop
R2295734,S0087,5,Lainchaur stop
R2295734,S0149,6,Lazimpat stop
R2295734,S0082,7,Panipokhari stop
R2295734,S0124,8,Teaching Hospital stop
R2295734,S0030,9,Chakrapath Stop-- South
R2295734,S0044,10,Narayan Gopal Chowk
R2295734,S0158,11,Bansbari stop
R2295734,S0231,12,Golfutar stop
R2295734,S0038,13,Deuba Chowk stop
R2295734,S0096,14,Budhanilkantha Micro Stand
R2295734,S0176,15,Budhanilkantha Stop
R2295734,S0143,16,Budhanilkantha School Blue Micro Stand
R2295768,S0013,1,Ratna Park
R2295768,S0198,2,Ratnapark(purano bus park)
R2295768,S0086,3,Tourism Board Stop
R2295768,S0088,4,Bhadrakali
R2295768,S0036,5,Singha Durbar West Stop
R2295768,S0132,6,Maitighar Stop--South
R2295768,S0185,7,Thapathali
R2295768,S0063,8,Kupondole stop
R2295768,S0168,9,Jwagal
R2295768,S0142,10,UN Stop
R2295768,S0058,11,Natole
R2295768,S0226,12,Gahabahal
R2295768,S0227,13,Mahapal
R2295768,S0154,14,Mangalbazar
R2295902,S0076,1,Sundhara Stop
R2295902,S0086,2,Tourism Board Stop
R2295902,S0066,3,Bhrikuti Mandap Stop
R2295902,S0102,4,New Plaza Stop
R2295902,S0196,5,Anamnagar Stop
R2295902,S0209,6,Singha Durbar East Stop
R2295902,S0015,7,Hanumanthan Stop
R2295902,S0033,8,Bijulibazar Stop
R2295902,S0108,9,Thapagaun Stop
R2295902,S0075,10,New Baneshwor West
R2295902,S0167,11,ShivaDarshan Hall Stop
R2295902,S0180,12,Sangam Chowk Stop
R2295902,S0115,13,Milan Chowk Stop
R2295902,S0006,14,KattyaniChowk Stop
R2295903,S0076,1,Sundhara Stop
R2295903,S0100,2,RNAC stop
R2295903,S0171,3,Bir Hospital
R2295903,S0013,4,Ratna Park
R2295903,S0198,5,Ratnapark(purano bus park)
R2295903,S0086,6,Tourism Board Stop
R2295903,S0102,7,New Plaza Stop
R2295903,S0196,8,Anamnagar Stop
R2295903,S0209,9,Singha Durbar East Stop
R2295903,S0015,10,Hanumanthan Stop
R2295903,S0033,11,Bijulibazar Stop
R2295903,S0108,12,Thapagaun Stop
R2295903,S0075,13,New Baneshwor West
R2295903,S0167,14,ShivaDarshan Hall Stop
R2295903,S0180,15,Sangam Chowk Stop
R2295903,S0115,16,Milan Chowk Stop
R2295903,S0006,17,KattyaniChowk Stop
R2295941,S0076,1,Sundhara Stop
R2295941,S0067,2,Shahid Gate
R2295941,S0086,3,Tourism Board Stop
R2295941,S0066,4,Bhrikuti Mandap Stop
R2295941,S0102,5,New Plaza Stop
R2295941,S0196,6,Anamnagar Stop
R2295941,S0209,7,Singha Durbar East Stop
R2295941,S0015,8,Hanumanthan Stop
R2295941,S0033,9,Bijulibazar Stop
R2295941,S0108,10,Thapagaun Stop
R2295941,S0075,11,New Baneshwor West
R2295941,S0069,12,Naya Baneshwor Tampoo Station
R2295941,S0167,13,ShivaDarshan Hall Stop
R2295941,S0059,14,SchEMS
R2295941,S0205,15,Ratna Rajya Stop
R2295942,S0076,1,Sundhara Stop
R2295942,S0100,2,RNAC stop
R2295942,S0171,3,Bir Hospital
R2295942,S0013,4,Ratna Park
R2295942,S0198,5,Ratnapark(purano bus park)
R2295942,S0086,6,Tourism Board Stop
R2295942,S0102,7,New Plaza Stop
R2295942,S0196,8,Anamnagar Stop
R2295942,S0209,9,Singha Durbar East Stop
R2295942,S0015,10,Hanumanthan Stop
R2295942,S0033,11,Bijulibazar Stop
R2295942,S0108,12,Thapagaun Stop
R2295942,S0075,13,New Baneshwor West
R2295942,S0167,14,ShivaDarshan Hall Stop
R2295942,S0059,15,SchEMS
R2295942,S0205,16,Ratna Rajya Stop
R2295942,S0077,17,Apex College Stop
R2295942,S0046,18,Tempo Stop Near Old Baneshwar
R2295974,S0198,1,Ratnapark(purano bus park)
R2295974,S0086,2,Tourism Board Stop
R2295974,S0088,3,Bhadrakali
R2295974,S0036,4,Singha Durbar West Stop
R2295974,S0097,5,Maitighar
R2295974,S0132,6,Maitighar Stop--South
R2295974,S0185,7,Thapathali
R2295974,S0063,8,Kupondole stop
R2295974,S0168,9,Jwagal
R2295974,S0142,10,UN Stop
R2295974,S0116,11,Damkal
R2295974,S0103,12,Jawlakhel Stop
R2295974,S0213,13,Kumaripati
R2295974,S0155,14,Patan Hospital
R2295974,S0112,15,Lagankhel Stop
R2295974,S0223,16,Lalitpur Industrial Estate
R2295974,S0219,17,Lagankhel
R2295974,S0194,18,Batuk Bhairav
R2295974,S0011,19,Satdobato Chowk Stop
R2295974,S0216,20,Thecho
R2295974,S0060,21,Chapagaun
R2295974,S0269,22,Tikabhairab Temple
R2295986,S0018,1,Sankhamul Stop
R2295986,S0304,2,Naya Baneshwor Chowk
R2295986,S0062,3,Babarmahal Stop East
R2295986,S0034,4,Buddhanagar Stop
R2295986,S0097,5,Maitighar
R2295986,S_394,6,bhadrakali
R2295986,S0076,7,Sundhara Stop
R2295986,S0100,8,RNAC stop
R2295986,S0171,9,Bir Hospital
R2295986,S0013,10,Ratna Park
R2295986,S0198,11,Ratnapark(purano bus park)
R2301161,S0101,1,MAV School
R2301161,S0011,2,Satdobato Chowk Stop
R2301161,S0219,3,Lagankhel
R2301161,S0194,4,Batuk Bhairav
R2301161,S0112,5,Lagankhel Stop
R2301161,S0223,6,Lalitpur Industrial Estate
R2301161,S0155,7,Patan Hospital
R2301161,S0213,8,Kumaripati
R2301161,S0103,9,Jawlakhel Stop
R2301161,S0116,10,Damkal
R2301161,S0142,11,UN Stop
R2301161,S0168,12,Jwagal
R2301161,S0063,13,Kupondole stop
R2301161,S0185,14,Thapathali
R2301161,S0132,15,Maitighar Stop--South
R2301161,S0036,16,Singha Durbar West Stop
R2301161,S0088,17,Bhadrakali
R2301161,S0067,18,Shahid Gate
R2301161,S0076,19,Sundhara Stop
R2301161,S0100,20,RNAC stop
R2301161,S0171,21,Bir Hospital
R2301161,S0166,22,Kantipath
R2301161,S0152,23,Jamal
R2301161,S0137,24,Ghantaghar (घण्टाघर) stop
R2301161,S0198,25,Ratnapark(purano bus park)
R2301205,S0198,1,Ratnapark(purano bus park)
R2301205,S0086,2,Tourism Board Stop
R2301205,S0067,3,Shahid Gate
R2301205,S0076,4,Sundhara Stop
R2301205,S0100,5,RNAC stop
R2301205,S0171,6,Bir Hospital
R2301205,S0166,7,Kantipath
R2301205,S0152,8,Jamal
R2301205,S0193,9,Lainchour Chowk Bus Stop
R2301205,S0087,10,Lainchaur stop
R2301205,S0149,11,Lazimpat stop
R2301205,S0082,12,Panipokhari stop
R2301205,S0124,13,Teaching Hospital stop
R2301205,S0030,14,Chakrapath Stop-- South
R2301205,S0044,15,Narayan Gopal Chowk
R2301205,S0158,16,Bansbari stop
R2301205,S0231,17,Golfutar stop
R2301205,S0038,18,Deuba Chowk stop
R2301205,S0096,19,Budhanilkantha Micro Stand
R2301205,S0176,20,Budhanilkantha Stop
R2301205,S0144,21,Shivapuri Park Stop
R2301306,S0024,1,Balkumari Stop
R2301306,S0220,2,Balkumari Bridge Stop
R2301306,S0107,3,Koteshwor Stop
R2301306,S0017,4,Tinkune Stop
R2301306,S0203,5,Tinkune Subidhanagar
R2301306,S0127,6,Shantinagar Stop
R2301306,S0029,7,Minbhawan
R2301306,S0069,8,Naya Baneshwor Tampoo Station
R2301306,S0075,9,New Baneshwor West
R2301306,S0108,10,Thapagaun Stop
R2301306,S0033,11,Bijulibazar Stop
R2301306,S0015,12,Hanumanthan Stop
R2301306,S0209,13,Singha Durbar East Stop
R2301306,S0196,14,Anamnagar Stop
R2301306,S0102,15,New Plaza Stop
R2301306,S0005,16,Putalisadak Stop
R2301306,S0042,17,Kamaladi Road (कमलादी) stop
R2301306,S0094,18,Krishna Pauroti Stop
R2301306,S0188,19,Gairidhara
R2301306,S0051,20,Tangal
R2301306,S0197,21,Police Headquarter Stop
R2301306,S0105,22,Bhatbhatini Stop
R2301306,S0068,23,Baluwatar
R2301306,S0124,24,Teaching Hospital stop
R2301306,S0030,25,Chakrapath Stop-- South
R2301306,S0044,26,Narayan Gopal Chowk
R2301306,S0109,27,Chapal Karkhana stop
R2301306,S0118,28,Dhumbarahi
R2301306,S0217,29,Sukedhara Stop
R2301306,S0134,30,Gopi Krishna Stop
R2301357,S0075,1,New Baneshwor West
R2301357,S0069,2,Naya Baneshwor Tampoo Station
R2301357,S0167,3,ShivaDarshan Hall Stop
R2301357,S0059,4,SchEMS
R2301357,S0205,5,Ratna Rajya Stop
R2301357,S0077,6,Apex College Stop
R2301357,S0046,7,Tempo Stop Near Old Baneshwar
R2301357,S0222,8,Old Baneshwor
R2301357,S0045,9,Ratopul
R2301357,S0204,10,Gaushala Chowk Stop
R2301357,S0052,11,JayaBageshwari Stop
R2301357,S0195,12,Chabahil चाबाहील
R2301358,S0124,1,Teaching Hospital stop
R2301358,S0030,2,Chakrapath Stop-- South
R2301358,S0044,3,Narayan Gopal Chowk
R2301358,S0134,4,Gopi Krishna Stop
R2301358,S0217,5,Sukedhara Stop
R2301358,S0118,6,Dhumbarahi
R2301358,S0109,7,Chapal Karkhana stop
R2301358,S0195,8,Chabahil चाबाहील
R2301358,S0052,9,JayaBageshwari Stop
R2301358,S0204,10,Gaushala Chowk Stop
R2301358,S0222,11,Old Baneshwor
R2301358,S0167,12,ShivaDarshan Hall Stop
R2301358,S0059,13,SchEMS
R2301358,S0205,14,Ratna Rajya Stop
R2301358,S0077,15,Apex College Stop
R2301358,S0046,16,Tempo Stop Near Old Baneshwar
R2301358,S0075,17,New Baneshwor West
R2301358,S0304,18,Naya Baneshwor Chowk
R2302674,S0291,1,Naikap Bus Stop
R2302674,S0292,2,Bosigaun Chowk / Checkpost
R2302674,S0275,3,Dui Adda (Dhunga Adda)
R2302674,S0130,4,Kalanki
R2302674,S0295,5,Underpass East / Khasibazaar
R2302674,S0296,6,Soalteemode East
R2302674,S0263,7,Ravi Bhavan
R2302674,S0192,8,Naya Naikap
R2302674,S0023,9,Kalimati
R2302674,S0276,10,Tek (Teku)
R2302674,S0056,11,Tripureshwor
R2302674,S0185,12,Thapathali
R2302674,S0132,13,Maitighar Stop--South
R2302674,S0097,14,Maitighar
R2302674,S0028,15,Babarmahal
R2302674,S0099,16,Babarmahal Stop West
R2302674,S0034,17,Buddhanagar Stop
R2302674,S0062,18,Babarmahal Stop East
R2302674,S0015,19,Hanumanthan Stop
R2302674,S0304,20,Naya Baneshwor Chowk
R2302674,S0069,21,Naya Baneshwor Tampoo Station
R2302674,S0029,22,Minbhawan
R2302674,S0127,23,Shantinagar Stop
R2302674,S0017,24,Tinkune Stop
R2302674,S0203,25,Tinkune Subidhanagar
R2302674,S0107,26,Koteshwor Stop
R2307657,S0360,1,Lubhu Bus Park
R2307657,S0361,2,Dungin / School Chowk
R2307657,S0362,3,Sanagaun Chowk
R2307657,S0363,4,Siddhipur / Tikathali Dobato
R2307657,S0364,5,Imadol Krishna Mandir
R2307657,S0365,6,Ratamakai Chowk
R2307657,S0366,7,KIST Hospital Chowk
R2307657,S0020,8,Gwarko Chowk Stop
R2307657,S0367,9,Prayag Pokhari / Patan College
R2307657,S0368,10,Patan Hospital Dobato
R2307657,S0112,11,Lagankhel Stop
R2909799,S0025,1,Kamal Binayak
R2909799,S0050,2,Mahalaxmi Stop
R2909799,S0165,3,Mahakali Stop
R2909799,S0199,4,Byasi Stop
R2909799,S0081,5,Bhaktapur Hospital Stop
R2909799,S0161,6,Bhaktapur Bus Park
R2909799,S0014,7,Sallaghari North
R2909799,S0098,8,Tinkune Bhaktapur
R2909799,S0202,9,Srijananagar
R2909799,S0147,10,Radhe Radhe
R2909799,S0110,11,Thimi Stop
R2909799,S0007,12,Chardobato
R2909799,S0092,13,Gathaghar
R2909799,S0004,14,Kaushaltar
R2909799,S0022,15,Lokanthali North
R2909799,S0159,16,Jadibuti
R2909799,S0107,17,Koteshwor Stop
R2909799,S0017,18,Tinkune Stop
R2909799,S0203,19,Tinkune Subidhanagar
R2909799,S0127,20,Shantinagar Stop
R2909799,S0029,21,Minbhawan
R2909799,S0069,22,Naya Baneshwor Tampoo Station
R2909799,S0034,23,Buddhanagar Stop
R2909799,S0062,24,Babarmahal Stop East
R2909799,S0028,25,Babarmahal
R2909799,S0099,26,Babarmahal Stop West
R2909799,S0097,27,Maitighar
R2909799,S0036,28,Singha Durbar West Stop
R2909799,S0102,29,New Plaza Stop
R2909799,S0005,30,Putalisadak Stop
R2909799,S0031,31,Bagbazar Stop
R2975649,S0198,1,Ratnapark(purano bus park)
R2975649,S0086,2,Tourism Board Stop
R2975649,S0088,3,Bhadrakali
R2975649,S0036,4,Singha Durbar West Stop
R2975649,S0097,5,Maitighar
R2975649,S0028,6,Babarmahal
R2975649,S0099,7,Babarmahal Stop West
R2975649,S0034,8,Buddhanagar Stop
R2975649,S0062,9,Babarmahal Stop East
R2975649,S0069,10,Naya Baneshwor Tampoo Station
R2975649,S0029,11,Minbhawan
R2975649,S0127,12,Shantinagar Stop
R2975649,S0017,13,Tinkune Stop
R2975649,S0203,14,Tinkune Subidhanagar
R2975649,S0053,15,Gairigaun Stop
R2975649,S0139,16,Sinamangal/Ring Road Stop सिनामंगल
R2975649,S0070,17,Airport Bus Station
R2975649,S0071,18,पिङ्गलस्थान
R2975649,S0204,19,Gaushala Chowk Stop
R2975649,S0052,20,JayaBageshwari Stop
R2975649,S0195,21,Chabahil चाबाहील
R2975649,S0134,22,Gopi Krishna Stop
R2975649,S0217,23,Sukedhara Stop
R2975649,S0118,24,Dhumbarahi
R2975649,S0109,25,Chapal Karkhana stop
R2975649,S0030,26,Chakrapath Stop-- South
R2975649,S0044,27,Narayan Gopal Chowk
R2988806,S0013,1,Ratna Park
R2988806,S0198,2,Ratnapark(purano bus park)
R2988806,S0086,3,Tourism Board Stop
R2988806,S0278,4,"N.A.Bh (Nepal Army Headquarters, Bhadrakali)"
R2988806,S0088,5,Bhadrakali
R2988806,S0036,6,Singha Durbar West Stop
R2988806,S0097,7,Maitighar
R2988806,S0028,8,Babarmahal
R2988806,S0099,9,Babarmahal Stop West
R2988806,S0034,10,Buddhanagar Stop
R2988806,S0062,11,Babarmahal Stop East
R2988806,S0015,12,Hanumanthan Stop
R2988806,S0304,13,Naya Baneshwor Chowk
R2988806,S0069,14,Naya Baneshwor Tampoo Station
R2988806,S0029,15,Minbhawan
R2988806,S0127,16,Shantinagar Stop
R2988806,S0017,17,Tinkune Stop
R2988806,S0203,18,Tinkune Subidhanagar
R2988806,S0107,19,Koteshwor Stop
R2988806,S0159,20,Jadibuti
R2988806,S0022,21,Lokanthali North
R2988806,S0004,22,Kaushaltar
R2988806,S0312,23,Lokanthali South
R2988806,S0313,24,Balkot Mod
R2988806,S0314,25,Balkot Chowk
R2988806,S0315,26,Gamcha Bus Stop
R2988806,S0316,27,Biruwa / Dadhikot Mod
R2988806,S0317,28,Dadhikot Health Post
R2988806,S0092,29,Gathaghar
R2988806,S0007,30,Chardobato
R2988806,S0110,31,Thimi Stop
R2988809,S0198,1,Ratnapark(purano bus park)
R2988809,S0086,2,Tourism Board Stop
R2988809,S0088,3,Bhadrakali
R2988809,S0036,4,Singha Durbar West Stop
R2988809,S0097,5,Maitighar
R2988809,S0028,6,Babarmahal
R2988809,S0099,7,Babarmahal Stop West
R2988809,S0034,8,Buddhanagar Stop
R2988809,S0062,9,Babarmahal Stop East
R2988809,S0069,10,Naya Baneshwor Tampoo Station
R2988809,S0029,11,Minbhawan
R2988809,S0127,12,Shantinagar Stop
R2988809,S0017,13,Tinkune Stop
R2988809,S0203,14,Tinkune Subidhanagar
R2988809,S0053,15,Gairigaun Stop
R2988809,S0139,16,Sinamangal/Ring Road Stop सिनामंगल
R2988809,S0070,17,Airport Bus Station
R2988809,S0071,18,पिङ्गलस्थान
R2988809,S0204,19,Gaushala Chowk Stop
R2988809,S0052,20,JayaBageshwari Stop
R2988809,S0195,21,Chabahil चाबाहील
R2988809,S0172,22,Hyatt Regency
R2988809,S0026,23,Boudha
R2988809,S0135,24,Jorpati
R2988809,S0369,25,Thali
R2988809,S0370,26,Danchhi
R2988809,S0371,27,Bramhakhel
R2988809,S0146,28,Sakhu Stop
R2988810,S0198,1,Ratnapark(purano bus park)
R2988810,S0086,2,Tourism Board Stop
R2988810,S0067,3,Shahid Gate
R2988810,S0076,4,Sundhara Stop
R2988810,S0100,5,RNAC stop
R2988810,S0171,6,Bir Hospital
R2988810,S0166,7,Kantipath
R2988810,S0152,8,Jamal
R2988810,S0193,9,Lainchour Chowk Bus Stop
R2988810,S0087,10,Lainchaur stop
R2988810,S0149,11,Lazimpat stop
R2988810,S0082,12,Panipokhari stop
R2988810,S0124,13,Teaching Hospital stop
R2988810,S0030,14,Chakrapath Stop-- South
R2988810,S0044,15,Narayan Gopal Chowk
R2988810,S0158,16,Bansbari stop
R2988810,S0231,17,Golfutar stop
R2988810,S0038,18,Deuba Chowk stop
R2988810,S0096,19,Budhanilkantha Micro Stand
R2988810,S0176,20,Budhanilkantha Stop
R2988835,S0076,1,Sundhara Stop
R2988835,S0013,2,Ratna Park
R2988835,S0198,3,Ratnapark(purano bus park)
R2988835,S0086,4,Tourism Board Stop
R2988835,S0385,5,Unknown Stop
R2988835,S0056,6,Tripureshwor
R2988835,S0023,7,Kalimati
R2988835,S0296,8,Soalteemode East
R2988835,S0130,9,Kalanki
R2988835,S0054,10,Nikap
R2988835,S0008,11,Sataungal
R2988835,S0119,12,Thankot Checkpost
R2988836,S0010,1,Thankot
R2988836,S_401,2,Naag Dunga
R2988836,S0119,3,Thankot Checkpost
R2988836,S0008,4,Sataungal
R2988836,S0054,5,Nikap
R2988836,S0130,6,Kalanki
R2988836,S0023,7,Kalimati
R2988836,S0056,8,Tripureshwor
R2988836,S0076,9,Sundhara Stop
R2988836,S0100,10,RNAC stop
R2988836,S0171,11,Bir Hospital
R2988836,S0013,12,Ratna Park
R2988890,S0031,1,Bagbazar Stop
R2988890,S0198,2,Ratnapark(purano bus park)
R2988890,S0086,3,Tourism Board Stop
R2988890,S0088,4,Bhadrakali
R2988890,S0036,5,Singha Durbar West Stop
R2988890,S0097,6,Maitighar
R2988890,S0028,7,Babarmahal
R2988890,S0099,8,Babarmahal Stop West
R2988890,S0034,9,Buddhanagar Stop
R2988890,S0062,10,Babarmahal Stop East
R2988890,S0069,11,Naya Baneshwor Tampoo Station
R2988890,S0029,12,Minbhawan
R2988890,S0127,13,Shantinagar Stop
R2988890,S0017,14,Tinkune Stop
R2988890,S0203,15,Tinkune Subidhanagar
R2988890,S0107,16,Koteshwor Stop
R2988890,S0159,17,Jadibuti
R2988890,S0022,18,Lokanthali North
R2988890,S0004,19,Kaushaltar
R2988890,S0092,20,Gathaghar
R2988890,S0007,21,Chardobato
R2988890,S0110,22,Thimi Stop
R2988890,S0147,23,Radhe Radhe
R2988890,S0202,24,Srijananagar
R2988890,S0098,25,Tinkune Bhaktapur
R2988890,S0014,26,Sallaghari North
R2988890,S0081,27,Bhaktapur Hospital Stop
R2988890,S0161,28,Bhaktapur Bus Park
R2988890,S0199,29,Byasi Stop
R2988890,S0165,30,Mahakali Stop
R2988890,S0050,31,Mahalaxmi Stop
R2988890,S0025,32,Kamal Binayak
R2988891,S0198,1,Ratnapark(purano bus park)
R2988891,S0086,2,Tourism Board Stop
R2988891,S0088,3,Bhadrakali
R2988891,S0036,4,Singha Durbar West Stop
R2988891,S0097,5,Maitighar
R2988891,S0028,6,Babarmahal
R2988891,S0099,7,Babarmahal Stop West
R2988891,S0034,8,Buddhanagar Stop
R2988891,S0062,9,Babarmahal Stop East
R2988891,S0069,10,Naya Baneshwor Tampoo Station
R2988891,S0029,11,Minbhawan
R2988891,S0127,12,Shantinagar Stop
R2988891,S0017,13,Tinkune Stop
R2988891,S0203,14,Tinkune Subidhanagar
R2988891,S0107,15,Koteshwor Stop
R2988891,S0159,16,Jadibuti
R2988891,S0022,17,Lokanthali North
R2988891,S0004,18,Kaushaltar
R2988891,S0092,19,Gathaghar
R2988891,S0007,20,Chardobato
R2988891,S0110,21,Thimi Stop
R2988891,S0147,22,Radhe Radhe
R2988891,S0202,23,Srijananagar
R2988891,S0098,24,Tinkune Bhaktapur
R2988891,S0095,25,Sallaghari Stop
R2988891,S0229,26,Chundevi Bus Stop (Chunudevi)
R2988891,S0019,27,Barahi Movies
R2988891,S0089,28,Suryabinayek
R2988891,S0178,29,Adarsha
R2988891,S0190,30,Jagati
R2988891,S0117,31,Sanga
R2988891,S0160,32,Bansdol
R2988891,S0121,33,Banepa Tindobato
R2988891,S0153,34,Poolbazar Bus Stop (Pulbazar)
R2988891,S0136,35,Banepa
R2988891,S0208,36,Panauti
R2988893,S0031,1,Bagbazar Stop
R2988893,S0198,2,Ratnapark(purano bus park)
R2988893,S0086,3,Tourism Board Stop
R2988893,S0088,4,Bhadrakali
R2988893,S0036,5,Singha Durbar West Stop
R2988893,S0097,6,Maitighar
R2988893,S0028,7,Babarmahal
R2988893,S0099,8,Babarmahal Stop West
R2988893,S0034,9,Buddhanagar Stop
R2988893,S0062,10,Babarmahal Stop East
R2988893,S0069,11,Naya Baneshwor Tampoo Station
R2988893,S0029,12,Minbhawan
R2988893,S0127,13,Shantinagar Stop
R2988893,S0017,14,Tinkune Stop
R2988893,S0203,15,Tinkune Subidhanagar
R2988893,S0107,16,Koteshwor Stop
R2988893,S0159,17,Jadibuti
R2988893,S0022,18,Lokanthali North
R2988893,S0004,19,Kaushaltar
R2988893,S0092,20,Gathaghar
R2988893,S0007,21,Chardobato
R2988893,S0110,22,Thimi Stop
R2988893,S0147,23,Radhe Radhe
R2988893,S0202,24,Srijananagar
R2988893,S0098,25,Tinkune Bhaktapur
R2988893,S0014,26,Sallaghari North
R2988893,S0081,27,Bhaktapur Hospital Stop
R2988893,S0161,28,Bhaktapur Bus Park
R2988893,S0199,29,Byasi Stop
R2988893,S0165,30,Mahakali Stop
R2988893,S0224,31,Changu Narayan
R2988930,S0025,1,Kamal Binayak
R2988930,S0039,2,Nagarkot
R2988983,S0145,1,Chyamasingh
R2988983,S0190,2,Jagati
R2988983,S0178,3,Adarsha
R2988983,S0089,4,Suryabinayek
R2988983,S0229,5,Chundevi Bus Stop (Chunudevi)
R2988983,S0019,6,Barahi Movies
R2988983,S0095,7,Sallaghari Stop
R2988983,S0098,8,Tinkune Bhaktapur
R2988983,S0202,9,Srijananagar
R2988983,S0147,10,Radhe Radhe
R2988983,S0110,11,Thimi Stop
R2988983,S0007,12,Chardobato
R2988983,S0092,13,Gathaghar
R2988983,S0004,14,Kaushaltar
R2988983,S0022,15,Lokanthali North
R2988983,S0159,16,Jadibuti
R2988983,S0107,17,Koteshwor Stop
R2988983,S0017,18,Tinkune Stop
R2988983,S0203,19,Tinkune Subidhanagar
R2988983,S0127,20,Shantinagar Stop
R2988983,S0029,21,Minbhawan
R2988983,S0069,22,Naya Baneshwor Tampoo Station
R2988983,S0034,23,Buddhanagar Stop
R2988983,S0062,24,Babarmahal Stop East
R2988983,S0028,25,Babarmahal
R2988983,S0099,26,Babarmahal Stop West
R2988983,S0097,27,Maitighar
R2988983,S0036,28,Singha Durbar West Stop
R2988983,S0088,29,Bhadrakali
R2988983,S0067,30,Shahid Gate
R2988983,S0076,31,Sundhara Stop
R2988983,S0100,32,RNAC stop
R2988983,S0171,33,Bir Hospital
R2988983,S0013,34,Ratna Park
R2988983,S0198,35,Ratnapark(purano bus park)
R2988993,S0198,1,Ratnapark(purano bus park)
R2988993,S0086,2,Tourism Board Stop
R2988993,S0088,3,Bhadrakali
R2988993,S0036,4,Singha Durbar West Stop
R2988993,S0097,5,Maitighar
R2988993,S0028,6,Babarmahal
R2988993,S0099,7,Babarmahal Stop West
R2988993,S0034,8,Buddhanagar Stop
R2988993,S0062,9,Babarmahal Stop East
R2988993,S0069,10,Naya Baneshwor Tampoo Station
R2988993,S0029,11,Minbhawan
R2988993,S0127,12,Shantinagar Stop
R2988993,S0017,13,Tinkune Stop
R2988993,S0203,14,Tinkune Subidhanagar
R2988993,S0107,15,Koteshwor Stop
R2988993,S0159,16,Jadibuti
R2988993,S0022,17,Lokanthali North
R2988993,S0004,18,Kaushaltar
R2988993,S0092,19,Gathaghar
R2988993,S0007,20,Chardobato
R2988993,S0110,21,Thimi Stop
R2988993,S0147,22,Radhe Radhe
R2988993,S0202,23,Srijananagar
R2988993,S0098,24,Tinkune Bhaktapur
R2988993,S0095,25,Sallaghari Stop
R2988993,S0229,26,Chundevi Bus Stop (Chunudevi)
R2988993,S0019,27,Barahi Movies
R2988993,S0089,28,Suryabinayek
R2988993,S0178,29,Adarsha
R2988993,S0190,30,Jagati
R2988993,S0117,31,Sanga
R2988993,S0160,32,Bansdol
R2988993,S0121,33,Banepa Tindobato
R2988993,S0153,34,Poolbazar Bus Stop (Pulbazar)
R2988993,S0136,35,Banepa
R2988993,S0001,36,KU Bus Stand (26 Kilo)
R2988993,S0183,37,Dhulikhel Stop
R2989012,S0198,1,Ratnapark(purano bus park)
R2989012,S0086,2,Tourism Board Stop
R2989012,S0067,3,Shahid Gate
R2989012,S0076,4,Sundhara Stop
R2989012,S0056,5,Tripureshwor
R2989012,S0023,6,Kalimati
R2989012,S0230,7,Balkhu
R2989012,S0233,8,Balkhu Stop
R2989012,S0225,9,Kumari Club
R2989012,S0043,10,TU Gate
R2989012,S0049,11,Naya Bato
R2989012,S0073,12,Chobhar Gate
R2989012,S0173,13,Dakshinkali
R2989021,S0219,1,Lagankhel
R2989021,S0194,2,Batuk Bhairav
R2989021,S0112,3,Lagankhel Stop
R2989021,S0223,4,Lalitpur Industrial Estate
R2989021,S0011,5,Satdobato Chowk Stop
R2989021,S0216,6,Thecho
R2989021,S0060,7,Chapagaun
R2989036,S0198,1,Ratnapark(purano bus park)
R2989036,S0086,2,Tourism Board Stop
R2989036,S0088,3,Bhadrakali
R2989036,S0036,4,Singha Durbar West Stop
R2989036,S0097,5,Maitighar
R2989036,S0028,6,Babarmahal
R2989036,S0099,7,Babarmahal Stop West
R2989036,S0034,8,Buddhanagar Stop
R2989036,S0062,9,Babarmahal Stop East
R2989036,S0069,10,Naya Baneshwor Tampoo Station
R2989036,S0029,11,Minbhawan
R2989036,S0127,12,Shantinagar Stop
R2989036,S0017,13,Tinkune Stop
R2989036,S0203,14,Tinkune Subidhanagar
R2989036,S0053,15,Gairigaun Stop
R2989036,S0139,16,Sinamangal/Ring Road Stop सिनामंगल
R2989036,S0070,17,Airport Bus Station
R2989036,S0071,18,पिङ्गलस्थान
R2989036,S0204,19,Gaushala Chowk Stop
R2989036,S0052,20,JayaBageshwari Stop
R2989036,S0195,21,Chabahil चाबाहील
R2989036,S0172,22,Hyatt Regency
R2989036,S0026,23,Boudha
R2989036,S0135,24,Jorpati
R2989074,S0146,1,Sakhu Stop
R2989074,S0371,2,Bramhakhel
R2989074,S0370,3,Danchhi
R2989074,S0369,4,Thali
R2989074,S0135,5,Jorpati
R2989074,S0026,6,Boudha
R2989074,S0172,7,Hyatt Regency
R2989074,S0195,8,Chabahil चाबाहील
R2989074,S0052,9,JayaBageshwari Stop
R2989074,S0204,10,Gaushala Chowk Stop
R2989074,S0222,11,Old Baneshwor
R2989074,S_397,12,MAITIDEVI
R2989074,S0055,13,Dillibazaar stop
R2989074,S0005,14,Putalisadak Stop
R2989074,S0031,15,Bagbazar Stop
R2989074,S0198,16,Ratnapark(purano bus park)
R2989075,S0135,1,Jorpati
R2989075,S0026,2,Boudha
R2989075,S0172,3,Hyatt Regency
R2989075,S0195,4,Chabahil चाबाहील
R2989075,S0052,5,JayaBageshwari Stop
R2989075,S0204,6,Gaushala Chowk Stop
R2989075,S0222,7,Old Baneshwor
R2989075,S0035,8,Maiti Devi chowk
R2989075,S0055,9,Dillibazaar stop
R2989075,S0005,10,Putalisadak Stop
R2989075,S0031,11,Bagbazar Stop
R2989075,S0198,12,Ratnapark(purano bus park)
R3014451,S0081,1,Bhaktapur Hospital Stop
R3014451,S0161,2,Bhaktapur Bus Park
R3014451,S0014,3,Sallaghari North
R3014451,S0319,4,Siddhapokhari
R3014451,S0202,5,Srijananagar
R3014451,S0147,6,Radhe Radhe
R3014451,S0322,7,Nagadesh
R3014451,S0323,8,Purano Thimi / Siddhikali Chowk
R3014451,S0324,9,Balkumari Thimi
R3014451,S0325,10,Gatthaghar
R3014451,S0326,11,Kausaltar
R3014451,S0312,12,Lokanthali South
R3014451,S0159,13,Jadibuti
R3014451,S0057,14,Nikosera
R3014451,S0150,15,Baakha Bazaar
R3014451,S0181,16,SanoThimi
R3014451,S0156,17,Pepsi Cola Chowk
R3014451,S0107,18,Koteshwor Stop
R3014451,S0017,19,Tinkune Stop
R3014451,S0203,20,Tinkune Subidhanagar
R3014451,S0127,21,Shantinagar Stop
R3014451,S0029,22,Minbhawan
R3014451,S0069,23,Naya Baneshwor Tampoo Station
R3014451,S0034,24,Buddhanagar Stop
R3014451,S0304,25,Naya Baneshwor Chowk
R3014451,S0015,26,Hanumanthan Stop
R3014451,S0062,27,Babarmahal Stop East
R3014451,S0028,28,Babarmahal
R3014451,S0099,29,Babarmahal Stop West
R3014451,S0097,30,Maitighar
R3014451,S0036,31,Singha Durbar West Stop
R3014451,S0102,32,New Plaza Stop
R3014451,S0005,33,Putalisadak Stop
R3014451,S0278,34,"N.A.Bh (Nepal Army Headquarters, Bhadrakali)"
R3014451,S0013,35,Ratna Park
R3014451,S0031,36,Bagbazar Stop
R3020174,S0198,1,Ratnapark(purano bus park)
R3020174,S0137,2,Ghantaghar (घण्टाघर) stop
R3020174,S0042,3,Kamaladi Road (कमलादी) stop
R3020174,S0005,4,Putalisadak Stop
R3020174,S0055,5,Dillibazaar stop
R3020174,S0035,6,Maiti Devi chowk
R3020174,S0222,7,Old Baneshwor
R3020174,S0016,8,Bhimsengola stop
R3020174,S0148,9,Sinamangal
R3020174,S0027,10,KMC stop
R3020174,S0139,11,Sinamangal/Ring Road Stop सिनामंगल
R3020174,S0053,12,Gairigaun Stop
R3020174,S0107,13,Koteshwor Stop
R3020174,S0159,14,Jadibuti
R3020174,S0156,15,Pepsi Cola Chowk
R3020174,S0120,16,Gothatar
R3020212,S0009,1,Dhokashi
R3020212,S0073,2,Chobhar Gate
R3020212,S0049,3,Naya Bato
R3020212,S0043,4,TU Gate
R3020212,S0225,5,Kumari Club
R3020212,S0230,6,Balkhu
R3020212,S0233,7,Balkhu Stop
R3020212,S0023,8,Kalimati
R3020212,S0056,9,Tripureshwor
R3020212,S0067,10,Shahid Gate
R3020212,S0076,11,Sundhara Stop
R3020212,S0086,12,Tourism Board Stop
R3020212,S0198,13,Ratnapark(purano bus park)
R3020213,S0198,1,Ratnapark(purano bus park)
R3020213,S0086,2,Tourism Board Stop
R3020213,S0088,3,Bhadrakali
R3020213,S0385,4,Unknown Stop
R3020213,S_396,5,TRIPURESHWOR
R3020213,S0023,6,Kalimati
R3020213,S0230,7,Balkhu
R3020213,S0233,8,Balkhu Stop
R3020213,S0225,9,Kumari Club
R3020213,S0043,10,TU Gate
R3020213,S0049,11,Naya Bato
R3020213,S0047,12,Tinkune (Kirtipur side)
R3020213,S0221,13,Naya Bazar
R3020213,S0084,14,Panga Dobato
R3020213,S0009,15,Dhokashi
R3020231,S0198,1,Ratnapark(purano bus park)
R3020231,S0086,2,Tourism Board Stop
R3020231,S0385,3,Unknown Stop
R3020231,S0056,4,Tripureshwor
R3020231,S0023,5,Kalimati
R3020231,S0230,6,Balkhu
R3020231,S0233,7,Balkhu Stop
R3020231,S0225,8,Kumari Club
R3020231,S0043,9,TU Gate
R3020231,S0049,10,Naya Bato
R3020231,S0047,11,Tinkune (Kirtipur side)
R3020231,S0221,12,Naya Bazar
R3020231,S0084,13,Panga Dobato
R3020231,S0085,14,Nagaon Dobato
R3020231,S0048,15,Bhatkepati
R3020244,S0198,1,Ratnapark(purano bus park)
R3020244,S0086,2,Tourism Board Stop
R3020244,S0088,3,Bhadrakali
R3020244,S0036,4,Singha Durbar West Stop
R3020244,S0097,5,Maitighar
R3020244,S0099,6,Babarmahal Stop West
R3020244,S0069,7,Naya Baneshwor Tampoo Station
R3020244,S0029,8,Minbhawan
R3020244,S0127,9,Shantinagar Stop
R3020244,S0017,10,Tinkune Stop
R3020244,S0203,11,Tinkune Subidhanagar
R3020244,S0053,12,Gairigaun Stop
R3020244,S0139,13,Sinamangal/Ring Road Stop सिनामंगल
R3020244,S0070,14,Airport Bus Station
R3020244,S0071,15,पिङ्गलस्थान
R3020244,S0204,16,Gaushala Chowk Stop
R3020244,S0052,17,JayaBageshwari Stop
R3020244,S0195,18,Chabahil चाबाहील
R3020244,S0172,19,Hyatt Regency
R3020244,S0026,20,Boudha
R3020244,S0135,21,Jorpati
R3020244,S0125,22,Attarkhel
R3028077,S0113,1,Balaju
R3028077,S0177,2,Balaju Chowk Bus Stop
R3028077,S0079,3,Sorhakhutte
R3028077,S0003,4,Shobhabhagwati
R3028077,S0207,5,ASCOL Stop
R3028077,S0193,6,Lainchour Chowk Bus Stop
R3028077,S0152,7,Jamal
R3028077,S0166,8,Kantipath
R3028077,S0137,9,Ghantaghar (घण्टाघर) stop
R3028077,S0013,10,Ratna Park
R3068536,S0130,1,Kalanki
R3068536,S0345,2,Khasi Bazaar
R3068536,S0230,3,Balkhu
R3068536,S0233,4,Balkhu Stop
R3068536,S0189,5,Sanepa height
R3068536,S0106,6,Nakhu Stop
R3068536,S0214,7,Ekantakuna
R3068536,S0011,8,Satdobato Chowk Stop
R3068536,S0219,9,Lagankhel
R3070257,S0130,1,Kalanki
R3070257,S0023,2,Kalimati
R3070257,S0056,3,Tripureshwor
R3070257,S_387,4,thapathali1
R3070257,S0097,5,Maitighar
R3070257,S0028,6,Babarmahal
R3070257,S0099,7,Babarmahal Stop West
R3070257,S0034,8,Buddhanagar Stop
R3070257,S0062,9,Babarmahal Stop East
R3070257,S0069,10,Naya Baneshwor Tampoo Station
R3070257,S0029,11,Minbhawan
R3070257,S0127,12,Shantinagar Stop
R3070257,S0017,13,Tinkune Stop
R3070257,S0203,14,Tinkune Subidhanagar
R3070257,S0107,15,Koteshwor Stop
R3070257,S0220,16,Balkumari Bridge Stop
R3070262,S0130,1,Kalanki
R3070262,S0023,2,Kalimati
R3070262,S0056,3,Tripureshwor
R3070262,S0185,4,Thapathali
R3070262,S0132,5,Maitighar Stop--South
R3070262,S0097,6,Maitighar
R3070262,S0028,7,Babarmahal
R3070262,S0099,8,Babarmahal Stop West
R3070262,S0034,9,Buddhanagar Stop
R3070262,S0062,10,Babarmahal Stop East
R3070262,S0069,11,Naya Baneshwor Tampoo Station
R3070262,S0029,12,Minbhawan
R3070262,S0127,13,Shantinagar Stop
R3070262,S0017,14,Tinkune Stop
R3070262,S0203,15,Tinkune Subidhanagar
R3070262,S0107,16,Koteshwor Stop
R3070262,S0159,17,Jadibuti
R3070262,S0156,18,Pepsi Cola Chowk
R3070344,S0054,1,Nikap
R3070344,S0130,2,Kalanki
R3070344,S0023,3,Kalimati
R3070344,S0056,4,Tripureshwor
R3070344,S0185,5,Thapathali
R3070344,S0132,6,Maitighar Stop--South
R3070344,S0097,7,Maitighar
R3070344,S0028,8,Babarmahal
R3070344,S0099,9,Babarmahal Stop West
R3070344,S0034,10,Buddhanagar Stop
R3070344,S0062,11,Babarmahal Stop East
R3070344,S0069,12,Naya Baneshwor Tampoo Station
R3070344,S0029,13,Minbhawan
R3070344,S0127,14,Shantinagar Stop
R3070344,S0017,15,Tinkune Stop
R3070344,S0203,16,Tinkune Subidhanagar
R3070344,S0107,17,Koteshwor Stop
R3070344,S0159,18,Jadibuti
R3070344,S0022,19,Lokanthali North
R3070344,S0004,20,Kaushaltar
R3071402,S0140,1,Gokarna Bus Stop
R3071402,S0125,2,Attarkhel
R3071402,S0135,3,Jorpati
R3071402,S0026,4,Boudha
R3071402,S0172,5,Hyatt Regency
R3071402,S0195,6,Chabahil चाबाहील
R3071402,S0134,7,Gopi Krishna Stop
R3071402,S0217,8,Sukedhara Stop
R3071402,S0118,9,Dhumbarahi
R3071402,S0109,10,Chapal Karkhana stop
R3071402,S0030,11,Chakrapath Stop-- South
R3071402,S0044,12,Narayan Gopal Chowk
R3071402,S0065,13,Basundhara
R3071402,S0187,14,Samakhusi Stop
R3071402,S0169,15,Gongabu Chowk
R3071402,S0174,16,Naya Bus Park
R3071402,S0113,17,Balaju
R3071402,S0212,18,Banasthali
R3071402,S0228,19,Dhungedhara
R3071402,S0162,20,Thulo Bharang Stop
R3071402,S0090,21,Sitapaila Stop
R3071402,S0130,22,Kalanki
R3071562,S0069,1,Naya Baneshwor Tampoo Station
R3071562,S0029,2,Minbhawan
R3071562,S0127,3,Shantinagar Stop
R3071562,S0017,4,Tinkune Stop
R3071562,S0203,5,Tinkune Subidhanagar
R3071562,S0107,6,Koteshwor Stop
R3071562,S0024,7,Balkumari Stop
R3071562,S0220,8,Balkumari Bridge Stop
R3071562,S0020,9,Gwarko Chowk Stop
R3071562,S0182,10,B & B Hospital/KCM Stop
R3071562,S0011,11,Satdobato Chowk Stop
R3071562,S0219,12,Lagankhel
R3071562,S0194,13,Batuk Bhairav
R3071562,S0112,14,Lagankhel Stop
R3071562,S0223,15,Lalitpur Industrial Estate
R3071562,S0155,16,Patan Hospital
R3071562,S0213,17,Kumaripati
R3071562,S0103,18,Jawlakhel Stop
R3071562,S0116,19,Damkal
R3071562,S0142,20,UN Stop
R3071562,S0168,21,Jwagal
R3071562,S0063,22,Kupondole stop
R3071562,S0185,23,Thapathali
R3071562,S0132,24,Maitighar Stop--South
R3071562,S0097,25,Maitighar
R3071562,S0028,26,Babarmahal
R3071562,S0099,27,Babarmahal Stop West
R3071562,S0034,28,Buddhanagar Stop
R3071562,S0062,29,Babarmahal Stop East
R3072924,S0232,1,Matatirtha Stop
R3072924,S0008,2,Sataungal
R3072924,S0054,3,Nikap
R3072924,S0130,4,Kalanki
R3072924,S0023,5,Kalimati
R3072924,S0056,6,Tripureshwor
R3072924,S0185,7,Thapathali
R3072924,S0132,8,Maitighar Stop--South
R3072924,S0036,9,Singha Durbar West Stop
R3072924,S0102,10,New Plaza Stop
R3072924,S0005,11,Putalisadak Stop
R3072924,S0042,12,Kamaladi Road (कमलादी) stop
R3072924,S0094,13,Krishna Pauroti Stop
R3072924,S0210,14,Ciy Center Stop
R3072924,S0083,15,Gyaneshwor Chowk
R3072924,S0045,16,Ratopul
R3072924,S0204,17,Gaushala Chowk Stop
R3072924,S0052,18,JayaBageshwari Stop
R3072924,S0195,19,Chabahil चाबाहील
R3072924,S0134,20,Gopi Krishna Stop
R3072924,S0078,21,Saat Tale Chowk
R3072924,S0002,22,Kapan Stop
R3074202,S0002,1,Kapan Stop
R3074202,S0078,2,Saat Tale Chowk
R3074202,S0134,3,Gopi Krishna Stop
R3074202,S0195,4,Chabahil चाबाहील
R3074202,S0052,5,JayaBageshwari Stop
R3074202,S0204,6,Gaushala Chowk Stop
R3074202,S0222,7,Old Baneshwor
R3074202,S0035,8,Maiti Devi chowk
R3074202,S0055,9,Dillibazaar stop
R3074202,S0005,10,Putalisadak Stop
R3074202,S0031,11,Bagbazar Stop
R3074202,S0013,12,Ratna Park
R3101629,S0219,1,Lagankhel
R3101629,S0194,2,Batuk Bhairav
R3101629,S0112,3,Lagankhel Stop
R3101629,S0223,4,Lalitpur Industrial Estate
R3101629,S0011,5,Satdobato Chowk Stop
R3101629,S0101,6,MAV School
R3101629,S0138,7,Khumaltar Stop
R3101629,S0032,8,Dhapakhel Stop
R3102120,S0112,1,Lagankhel Stop
R3102120,S0223,2,Lalitpur Industrial Estate
R3102120,S0020,3,Gwarko Chowk Stop
R3102120,S0104,4,Lubhu Bus Stop
R3102120,S0200,5,Lamatar
R3102124,S0100,1,RNAC stop
R3102124,S0171,2,Bir Hospital
R3102124,S0166,3,Kantipath
R3102124,S0152,4,Jamal
R3102124,S0193,5,Lainchour Chowk Bus Stop
R3102124,S0188,6,Gairidhara
R3102124,S0051,7,Tangal
R3102124,S0197,8,Police Headquarter Stop
R3102124,S0105,9,Bhatbhatini Stop
R3102124,S0093,10,Bishalnagar Stop
R3102124,S0109,11,Chapal Karkhana stop
R3102124,S0118,12,Dhumbarahi
R3102124,S0072,13,Mandikhatar Stop
R3102319,S0112,1,Lagankhel Stop
R3102319,S0223,2,Lalitpur Industrial Estate
R3102319,S0103,3,Jawlakhel Stop
R3102319,S0214,4,Ekantakuna
R3102319,S0179,5,Khokana
R3102319,S0129,6,Bungmati
R3102319,S0269,7,Tikabhairab Temple
R3102605,S0211,1,Swayambhu Parikarma
R3102605,S0162,2,Thulo Bharang Stop
R3102605,S0228,3,Dhungedhara
R3102605,S0212,4,Banasthali
R3102605,S0113,5,Balaju
R3102605,S0174,6,Naya Bus Park
R3102605,S0169,7,Gongabu Chowk
R3102605,S0187,8,Samakhusi Stop
R3102605,S0065,9,Basundhara
R3102605,S0030,10,Chakrapath Stop-- South
R3102605,S0044,11,Narayan Gopal Chowk
R3102605,S0109,12,Chapal Karkhana stop
R3102605,S0118,13,Dhumbarahi
R3102605,S0217,14,Sukedhara Stop
R3102605,S0134,15,Gopi Krishna Stop
R3102605,S0195,16,Chabahil चाबाहील
R3102605,S0052,17,JayaBageshwari Stop
R3102605,S0204,18,Gaushala Chowk Stop
R3102605,S0071,19,पिङ्गलस्थान
R3102605,S0070,20,Airport Bus Station
R3102605,S0139,21,Sinamangal/Ring Road Stop सिनामंगल
R3102605,S0053,22,Gairigaun Stop
R3102605,S0107,23,Koteshwor Stop
R3102605,S0220,24,Balkumari Bridge Stop
R3102605,S_392,25,gwarko
R3102605,S0182,26,B & B Hospital/KCM Stop
R3102605,S0011,27,Satdobato Chowk Stop
R3102605,S0214,28,Ekantakuna
R3102605,S0106,29,Nakhu Stop
R3102605,S0189,30,Sanepa height
R3102605,S_393,31,Balkhu (TU Office)
R3102605,S0345,32,Khasi Bazaar
R3102605,S_400,33,kalanki-l
R3102605,S0246,34,Bafal
R3102605,S0090,35,Sitapaila Stop
R3102605,S0211,36,Swayambhu Parikarma
R3203278,S0070,1,Airport Bus Station
R3203278,S0139,2,Sinamangal/Ring Road Stop सिनामंगल
R3203278,S0347,3,Tilganga
R3203278,S0204,4,Gaushala Chowk Stop
R3203278,S0348,5,Battisputali
R3203278,S0126,6,Maitidevi Temple stop
R3203278,S0083,7,Gyaneshwor Chowk
R3203278,S0338,8,Kamalpokhari
R3203278,S0339,9,Hattisar
R3203278,S0341,10,Durbar Marg
R3203278,S0013,11,Ratna Park
R3204165,S0110,1,Thimi Stop
R3204165,S0147,2,Radhe Radhe
R3204165,S0312,3,Lokanthali South
R3204165,S_402,4,Jadibuti south
R3204165,S0107,5,Koteshwor Stop
R3204165,S0017,6,Tinkune Stop
R3204165,S0069,7,Naya Baneshwor Tampoo Station
R3204165,S0097,8,Maitighar
R3204165,S0031,9,Bagbazar Stop
R3204165,S0013,10,Ratna Park
R3211395,S0161,1,Bhaktapur Bus Park
R3211395,S0199,2,Byasi Stop
R3211395,S0089,3,Suryabinayek
R3211395,S0095,4,Sallaghari Stop
R3211395,S0202,5,Srijananagar
R3211395,S0325,6,Gatthaghar
R3211395,S0022,7,Lokanthali North
R3211395,S0159,8,Jadibuti
R3211395,S0107,9,Koteshwor Stop
R3211395,S0017,10,Tinkune Stop
R3211395,S0304,11,Naya Baneshwor Chowk
R3211395,S0097,12,Maitighar
R3211395,S0088,13,Bhadrakali
R3211395,S0013,14,Ratna Park
R3213434,S0130,1,Kalanki
R3213434,S0211,2,Swayambhu Parikarma
R3213434,S0353,3,Sano Bharyang
R3213434,S0228,4,Dhungedhara
R3213434,S0212,5,Banasthali
R3213434,S0113,6,Balaju
R3213434,S0349,7,Macchapokhari
R3213434,S0174,8,Naya Bus Park
R3213434,S0187,9,Samakhusi Stop
R3213434,S0065,10,Basundhara
R3213434,S0044,11,Narayan Gopal Chowk
R3213434,S0354,12,Chappal Karkhana
R3213434,S0118,13,Dhumbarahi
R3213434,S0217,14,Sukedhara Stop
R3213434,S0355,15,Gopikrishna
R3213434,S0195,16,Chabahil चाबाहील
R3213434,S0204,17,Gaushala Chowk Stop
R3213434,S0070,18,Airport Bus Station
R3213434,S0139,19,Sinamangal/Ring Road Stop सिनामंगल
R3213434,S0053,20,Gairigaun Stop
R3213434,S0107,21,Koteshwor Stop
R3214592,S0107,1,Koteshwor Stop
R3214592,S0017,2,Tinkune Stop
R3214592,S0127,3,Shantinagar Stop
R3214592,S0029,4,Minbhawan
R3214592,S0304,5,Naya Baneshwor Chowk
R3214592,S0028,6,Babarmahal
R3214592,S0097,7,Maitighar
R3214592,S0185,8,Thapathali
R3214592,S0056,9,Tripureshwor
R3214592,S0276,10,Tek (Teku)
R3214592,S0023,11,Kalimati
R3214592,S0271,12,Soalteemode West
R3214592,S0130,13,Kalanki
R3218289,S0135,1,Jorpati
R3218289,S0026,2,Boudha
R3218289,S0195,3,Chabahil चाबाहील
R3218289,S0204,4,Gaushala Chowk Stop
R3218289,S0139,5,Sinamangal/Ring Road Stop सिनामंगल
R3218289,S0017,6,Tinkune Stop
R3218289,S0075,7,New Baneshwor West
R3218289,S0028,8,Babarmahal
R3218289,S0097,9,Maitighar
R3218289,S0185,10,Thapathali
R3218289,S0063,11,Kupondole stop
R3218289,S0234,12,Pulchowk
R3218289,S0103,13,Jawlakhel Stop
R3218289,S0214,14,Ekantakuna
R3229256,S0135,1,Jorpati
R3229256,S0026,2,Boudha
R3229256,S0195,3,Chabahil चाबाहील
R3229256,S0204,4,Gaushala Chowk Stop
R3229256,S0348,5,Battisputali
R3229256,S0126,6,Maitidevi Temple stop
R3229256,S0338,7,Kamalpokhari
R3229256,S0339,8,Hattisar
R3229256,S0005,9,Putalisadak Stop
R3229256,S0013,10,Ratna Park
R3229256,S0385,11,Unknown Stop
R3229256,S0056,12,Tripureshwor
R3229256,S0276,13,Tek (Teku)
R3229256,S0023,14,Kalimati
R3229256,S0271,15,Soalteemode West
R3229256,S0130,16,Kalanki
R3229256,S0291,17,Naikap Bus Stop
R3232098,S0044,1,Narayan Gopal Chowk
R3232098,S0124,2,Teaching Hospital stop
R3232098,S0082,3,Panipokhari stop
R3232098,S0149,4,Lazimpat stop
R3232098,S0087,5,Lainchaur stop
R3232098,S0152,6,Jamal
R3232098,S0166,7,Kantipath
R3232098,S0067,8,Shahid Gate
R3232098,S0056,9,Tripureshwor
R3232098,S0185,10,Thapathali
R3232098,S0063,11,Kupondole stop
R3232098,S0234,12,Pulchowk
R3232098,S0103,13,Jawlakhel Stop
R3232098,S0112,14,Lagankhel Stop
R3232098,S0194,15,Batuk Bhairav
R3232098,S0011,16,Satdobato Chowk Stop
R3236048,S0107,1,Koteshwor Stop
R3236048,S0053,2,Gairigaun Stop
R3236048,S0139,3,Sinamangal/Ring Road Stop सिनामंगल
R3236048,S0070,4,Airport Bus Station
R3236048,S0204,5,Gaushala Chowk Stop
R3236048,S0350,6,Jayabageshwori
R3236048,S0123,7,Naxal Bhagwati
R3236048,S0351,8,Maligaun
R3236048,S0149,9,Lazimpat stop
R3236048,S0087,10,Lainchaur stop
R3236048,S0079,11,Sorhakhutte
R3236048,S0113,12,Balaju
R3236048,S0349,13,Macchapokhari
R3236048,S0174,14,Naya Bus Park
R3255302,S0089,1,Suryabinayek
R3255302,S_398,2,sallaghari
R3255302,S0325,3,Gatthaghar
R3255302,S0312,4,Lokanthali South
R3255302,S_399,5,koteshwor
R3255302,S0220,6,Balkumari Bridge Stop
R3255302,S_392,7,gwarko
R3255302,S0011,8,Satdobato Chowk Stop
R3255302,S0214,9,Ekantakuna
R3255302,S0230,10,Balkhu
R3255302,S0043,11,TU Gate
R3255302,S0358,12,Kirtipur Mod
R3255302,S0221,13,Naya Bazar
R3271482,S0112,1,Lagankhel Stop
R3271482,S0103,2,Jawlakhel Stop
R3271482,S0234,3,Pulchowk
R3271482,S0063,4,Kupondole stop
R3271482,S0185,5,Thapathali
R3271482,S0097,6,Maitighar
R3271482,S0028,7,Babarmahal
R3271482,S0075,8,New Baneshwor West
R3271482,S0029,9,Minbhawan
R3271482,S0127,10,Shantinagar Stop
R3271482,S0017,11,Tinkune Stop
R3271482,S0107,12,Koteshwor Stop
R3277397,S0089,1,Suryabinayek
R3277397,S0095,2,Sallaghari Stop
R3277397,S0022,3,Lokanthali North
R3277397,S0107,4,Koteshwor Stop
R3277397,S0053,5,Gairigaun Stop
R3277397,S0139,6,Sinamangal/Ring Road Stop सिनामंगल
R3277397,S0070,7,Airport Bus Station
R3277397,S0204,8,Gaushala Chowk Stop
R3277397,S0195,9,Chabahil चाबाहील
R3277397,S0355,10,Gopikrishna
R3277397,S0217,11,Sukedhara Stop
R3277397,S0118,12,Dhumbarahi
R3277397,S0065,13,Basundhara
R3277397,S0187,14,Samakhusi Stop
R3277397,S0174,15,Naya Bus Park
R3283810,S0013,1,Ratna Park
R3283810,S_394,2,bhadrakali
R3283810,S0056,3,Tripureshwor
R3283810,S0276,4,Tek (Teku)
R3283810,S0023,5,Kalimati
R3283810,S0271,6,Soalteemode West
R3283810,S0246,7,Bafal
R3283810,S0130,8,Kalanki
R3283810,S0291,9,Naikap Bus Stop
R3288696,S0112,1,Lagankhel Stop
R3288696,S0103,2,Jawlakhel Stop
R3288696,S0234,3,Pulchowk
R3288696,S0063,4,Kupondole stop
R3288696,S0185,5,Thapathali
R3288696,S0056,6,Tripureshwor
R3288696,S0067,7,Shahid Gate
R3288696,S0013,8,Ratna Park
R3296530,S0107,1,Koteshwor Stop
R3296530,S0024,2,Balkumari Stop
R3296530,S0020,3,Gwarko Chowk Stop
R3296530,S0182,4,B & B Hospital/KCM Stop
R3296530,S0011,5,Satdobato Chowk Stop
R3296530,S0352,6,Mahalaxmisthan
R3296530,S0214,7,Ekantakuna
R3296530,S0258,8,Nakkhu (bus stop)
R3296530,S0189,9,Sanepa height
R3296530,S0230,10,Balkhu
R3296530,S0130,11,Kalanki
R3297080,S0194,1,Batuk Bhairav
R3297080,S0112,2,Lagankhel Stop
R3297080,S0103,3,Jawlakhel Stop
R3297080,S0214,4,Ekantakuna
R3297080,S0258,5,Nakkhu (bus stop)
R3297080,S0189,6,Sanepa height
R3297080,S0230,7,Balkhu
R3297196,S0174,1,Naya Bus Park
R3297196,S0349,2,Macchapokhari
R3297196,S0113,3,Balaju
R3297196,S0079,4,Sorhakhutte
R3297196,S0087,5,Lainchaur stop
R3297196,S0166,6,Kantipath
R3297196,S0152,7,Jamal
R3297196,S0013,8,Ratna Park
R3319772,S0079,1,Sorhakhutte
R3319772,S0356,2,Naya Bazar (Thamel)
R3319772,S0342,3,Thamel
R3319772,S0087,4,Lainchaur stop
R3319772,S0152,5,Jamal
R3319772,S0013,6,Ratna Park
R3342445,S0337,1,Maharajgunj Chowk
R3342445,S0068,2,Baluwatar
R3342445,S0051,3,Tangal
R3342445,S0123,4,Naxal Bhagwati
R3342445,S0083,5,Gyaneshwor Chowk
R3342445,S0055,6,Dillibazaar stop
R3342445,S0005,7,Putalisadak Stop
R3342445,S0013,8,Ratna Park
R3351750,S0344,1,Narayantar
R3351750,S0135,2,Jorpati
R3351750,S0026,3,Boudha
R3351750,S0195,4,Chabahil चाबाहील
R3351750,S0083,5,Gyaneshwor Chowk
R3351750,S0338,6,Kamalpokhari
R3351750,S0339,7,Hattisar
R3351750,S0031,8,Bagbazar Stop
R3351750,S0013,9,Ratna Park
R-NY-03,S0372,1,Pepsicola
R-NY-03,S0159,2,Jadibuti
R-NY-03,S0107,3,Koteshwor Stop
R-NY-03,S0185,4,Thapathali
R-NY-03,S0056,5,Tripureshwor
R-NY-03,S0276,6,Tek (Teku)
R-NY-03,S0023,7,Kalimati
R-NY-03,S0214,8,Ekantakuna
R-NY-03,S0103,9,Jawlakhel Stop
R-NY-03,S0234,10,Pulchowk
R-NY-03,S0063,11,Kupondole stop
R-NY-03,S0185,12,Thapathali
R-NY-03,S0107,13,Koteshwor Stop
R-NY-03,S0159,14,Jadibuti
R-NY-03,S0372,15,Pepsicola
R-NY-04,S0373,1,Babachowk
R-NY-04,S0374,2,Gothatar Height/Tarigaon
R-NY-04,S0375,3,Gothatar Chowk
R-NY-04,S0376,4,Gothatar School
R-NY-04,S0377,5,Khahare
R-NY-04,S0378,6,Khahare Chowk
R-NY-04,S0159,7,Jadibuti
R-NY-04,S0107,8,Koteshwor Stop
R-NY-04,S0029,9,Minbhawan
R-NY-04,S0127,10,Shantinagar Stop
R-NY-04,S0033,11,Bijulibazar Stop
R-NY-04,S0066,12,Bhrikuti Mandap Stop
R-NY-04,S0031,13,Bagbazar Stop
R-NY-04,S0005,14,Putalisadak Stop
R-NY-05,S0383,1,Harharmahadev
R-NY-05,S0384,2,Kandaghari
R-NY-05,S0159,3,Jadibuti
R-NY-05,S0107,4,Koteshwor Stop
R-NY-05,S0185,5,Thapathali
R-NY-05,S0056,6,Tripureshwor
R-NY-05,S0276,7,Tek (Teku)
R-NY-05,S0023,8,Kalimati
R-NY-05,S0233,9,Balkhu Stop
R-NY-06,S0134,1,Gopi Krishna Stop
R-NY-06,S0030,2,Chakrapath Stop-- South
R-NY-06,S0337,3,Maharajgunj Chowk
R-NY-06,S0068,4,Baluwatar
R-NY-06,S0123,5,Naxal Bhagwati
R-NY-06,S0005,6,Putalisadak Stop
R-NY-06,S0196,7,Anamnagar Stop
R-NY-06,S0209,8,Singha Durbar East Stop
R-NY-06,S0379,9,Hanumansthan
R-NY-06,S0108,10,Thapagaun Stop
R-NY-06,S0107,11,Koteshwor Stop
R-NY-06,S0024,12,Balkumari Stop
R-NY-07,S0134,1,Gopi Krishna Stop
R-NY-07,S0217,2,Sukedhara Stop
R-NY-07,S0030,3,Chakrapath Stop-- South
R-NY-07,S0102,4,New Plaza Stop
R-NY-07,S0382,5,Baidya Khana
R-NY-07,S0196,6,Anamnagar Stop
R-NY-07,S0209,7,Singha Durbar East Stop
R-NY-07,S0379,8,Hanumansthan
R-NY-07,S0108,9,Thapagaun Stop
R-NY-07,S0107,10,Koteshwor Stop
R-SAJHA-01,S0112,1,Lagankhel Stop
R-SAJHA-01,S0213,2,Kumaripati
R-SAJHA-01,S0103,3,Jawlakhel Stop
R-SAJHA-01,S0234,4,Pulchowk
R-SAJHA-01,S0237,5,Harihar Bhawan
R-SAJHA-01,S0063,6,Kupondole stop
R-SAJHA-01,S0056,7,Tripureshwor
R-SAJHA-01,S0236,8,"NAC (Nepal Airlines Corporation, Kantipath)"
R-SAJHA-01,S0152,9,Jamal
R-SAJHA-01,S0087,10,Lainchaur stop
R-SAJHA-01,S0149,11,Lazimpat stop
R-SAJHA-01,S0082,12,Panipokhari stop
R-SAJHA-01,S0241,13,"President's Residence (Sheetal Niwas, Maharajgunj)"
R-SAJHA-01,S0124,14,Teaching Hospital stop
R-SAJHA-01,S0044,15,Narayan Gopal Chowk
R-SAJHA-01,S0065,16,Basundhara
R-SAJHA-01,S0187,17,Samakhusi Stop
R-SAJHA-01,S0169,18,Gongabu Chowk
R-SAJHA-01,S0252,19,Gongabu Bus Park
R-SAJHA-02,S0112,1,Lagankhel Stop
R-SAJHA-02,S0213,2,Kumaripati
R-SAJHA-02,S0103,3,Jawlakhel Stop
R-SAJHA-02,S0234,4,Pulchowk
R-SAJHA-02,S0237,5,Harihar Bhawan
R-SAJHA-02,S0063,6,Kupondole stop
R-SAJHA-02,S0056,7,Tripureshwor
R-SAJHA-02,S0236,8,"NAC (Nepal Airlines Corporation, Kantipath)"
R-SAJHA-02,S0152,9,Jamal
R-SAJHA-02,S0087,10,Lainchaur stop
R-SAJHA-02,S0149,11,Lazimpat stop
R-SAJHA-02,S0082,12,Panipokhari stop
R-SAJHA-02,S0241,13,"President's Residence (Sheetal Niwas, Maharajgunj)"
R-SAJHA-02,S0124,14,Teaching Hospital stop
R-SAJHA-02,S0044,15,Narayan Gopal Chowk
R-SAJHA-02,S0238,16,Gangalal Hospital (Shahid Gangalal National Heart Centre)
R-SAJHA-02,S0260,17,Neuro Hospital Bansbari (Upendra Devkota Memorial NINAS)
R-SAJHA-02,S0231,18,Golfutar stop
R-SAJHA-02,S0268,19,Nepal Telecom (Budhanilkantha)
R-SAJHA-02,S0255,20,Hattigauda
R-SAJHA-02,S0249,21,Chapali Bhadrakali
R-SAJHA-02,S0038,22,Deuba Chowk stop
R-SAJHA-02,S0096,23,Budhanilkantha Micro Stand
R-SAJHA-03,S0239,1,Godawari
R-SAJHA-03,S0267,2,Taukhel
R-SAJHA-03,S0272,3,Handegaun
R-SAJHA-03,S0245,4,Badegaun
R-SAJHA-03,S0253,5,Harisiddhi
R-SAJHA-03,S0254,6,Hattiban
R-SAJHA-03,S0138,7,Khumaltar Stop
R-SAJHA-03,S0011,8,Satdobato Chowk Stop
R-SAJHA-03,S0112,9,Lagankhel Stop
R-SAJHA-03,S0213,10,Kumaripati
R-SAJHA-03,S0103,11,Jawlakhel Stop
R-SAJHA-03,S0234,12,Pulchowk
R-SAJHA-03,S0237,13,Harihar Bhawan
R-SAJHA-03,S0063,14,Kupondole stop
R-SAJHA-03,S0056,15,Tripureshwor
R-SAJHA-03,S0236,16,"NAC (Nepal Airlines Corporation, Kantipath)"
R-SAJHA-03,S0013,17,Ratna Park
R-SAJHA-04,S0200,1,Lamatar
R-SAJHA-04,S0273,2,Dungin
R-SAJHA-04,S0104,3,Lubhu Bus Stop
R-SAJHA-04,S0264,4,Sana Gaun Bus Stop
R-SAJHA-04,S0274,5,"Kamalpokhari (Lamatar-area, distinct from central Kathmandu Kamalpokhari)"
R-SAJHA-04,S0256,6,Imadol Krishna Mandir Road
R-SAJHA-04,S0262,7,Rata Makai Chowk
R-SAJHA-04,S0257,8,KIST Medical College Teaching Hospital
R-SAJHA-04,S0020,9,Gwarko Chowk Stop
R-SAJHA-04,S0011,10,Satdobato Chowk Stop
R-SAJHA-04,S0112,11,Lagankhel Stop
R-SAJHA-04,S0103,12,Jawlakhel Stop
R-SAJHA-04,S0234,13,Pulchowk
R-SAJHA-04,S0237,14,Harihar Bhawan
R-SAJHA-04,S0063,15,Kupondole stop
R-SAJHA-04,S0056,16,Tripureshwor
R-SAJHA-04,S0236,17,"NAC (Nepal Airlines Corporation, Kantipath)"
R-SAJHA-04,S0152,18,Jamal
R-SAJHA-04,S0149,19,Lazimpat stop
R-SAJHA-04,S0087,20,Lainchaur stop
R-SAJHA-04,S0013,21,Ratna Park
R-SAJHA-05,S0010,1,Thankot
R-SAJHA-05,S_401,2,Naag Dunga
R-SAJHA-05,S0270,3,Tribhuwan Park
R-SAJHA-05,S0119,4,Thankot Checkpost
R-SAJHA-05,S0266,5,Satungal
R-SAJHA-05,S0291,6,Naikap Bus Stop
R-SAJHA-05,S0275,7,Dui Adda (Dhunga Adda)
R-SAJHA-05,S0130,8,Kalanki
R-SAJHA-05,S0263,9,Ravi Bhavan
R-SAJHA-05,S0296,10,Soalteemode East
R-SAJHA-05,S0023,11,Kalimati
R-SAJHA-05,S0276,12,Tek (Teku)
R-SAJHA-05,S0056,13,Tripureshwor
R-SAJHA-05,S0013,14,Ratna Park
R-SAJHA-05,S0036,15,Singha Durbar West Stop
R-SAJHA-05,S0097,16,Maitighar
R-SAJHA-05,S0099,17,Babarmahal Stop West
R-SAJHA-05,S0069,18,Naya Baneshwor Tampoo Station
R-SAJHA-05,S0127,19,Shantinagar Stop
R-SAJHA-05,S0139,20,Sinamangal/Ring Road Stop सिनामंगल
R-SAJHA-05,S0240,21,Tribhuvan International Airport
R-SAJHA-06,S0010,1,Thankot
R-SAJHA-06,S_401,2,Naag Dunga
R-SAJHA-06,S0270,3,Tribhuwan Park
R-SAJHA-06,S0119,4,Thankot Checkpost
R-SAJHA-06,S0266,5,Satungal
R-SAJHA-06,S0291,6,Naikap Bus Stop
R-SAJHA-06,S_400,7,kalanki-l
R-SAJHA-06,S0246,8,Bafal
R-SAJHA-06,S0090,9,Sitapaila Stop
R-SAJHA-06,S0211,10,Swayambhu Parikarma
R-SAJHA-06,S0212,11,Banasthali
R-SAJHA-06,S0113,12,Balaju
R-SAJHA-06,S0187,13,Samakhusi Stop
R-SAJHA-06,S0065,14,Basundhara
R-SAJHA-06,S0044,15,Narayan Gopal Chowk
R-SAJHA-06,S0238,16,Gangalal Hospital (Shahid Gangalal National Heart Centre)
R-SAJHA-06,S0260,17,Neuro Hospital Bansbari (Upendra Devkota Memorial NINAS)
R-SAJHA-06,S0231,18,Golfutar stop
R-SAJHA-06,S0255,19,Hattigauda
R-SAJHA-06,S0038,20,Deuba Chowk stop
R-SAJHA-06,S0096,21,Budhanilkantha Micro Stand
R-SAJHA-07,S0243,1,Lele
R-SAJHA-07,S0269,2,Tikabhairab Temple
R-SAJHA-07,S0279,3,Takhal
R-SAJHA-07,S0261,4,Pyangaun
R-SAJHA-07,S0216,5,Thecho
R-SAJHA-07,S0244,6,Sunakothi
R-SAJHA-07,S0250,7,Dholahiti
R-SAJHA-07,S0138,8,Khumaltar Stop
R-SAJHA-07,S0248,9,Chapagaun Dobato
R-SAJHA-07,S0112,10,Lagankhel Stop
R-SAJHA-07,S0213,11,Kumaripati
R-SAJHA-07,S0103,12,Jawlakhel Stop
R-SAJHA-07,S0234,13,Pulchowk
R-SAJHA-07,S0237,14,Harihar Bhawan
R-SAJHA-07,S0063,15,Kupondole stop
R-SAJHA-07,S0056,16,Tripureshwor
R-SAJHA-07,S0236,17,"NAC (Nepal Airlines Corporation, Kantipath)"
R-SAJHA-07,S0152,18,Jamal
R-SAJHA-08,S0242,1,Bungamati
R-SAJHA-08,S0247,2,Bhaisepati
R-SAJHA-08,S0258,3,Nakkhu (bus stop)
R-SAJHA-08,S0214,4,Ekantakuna
R-SAJHA-08,S0112,5,Lagankhel Stop
R-SAJHA-08,S0103,6,Jawlakhel Stop
R-SAJHA-08,S0234,7,Pulchowk
R-SAJHA-08,S0063,8,Kupondole stop
R-SAJHA-08,S0185,9,Thapathali
R-SAJHA-08,S0036,10,Singha Durbar West Stop
R-SAJHA-08,S0088,11,Bhadrakali
R-SAJHA-08,S0236,12,"NAC (Nepal Airlines Corporation, Kantipath)"
R-SAJHA-08,S0152,13,Jamal
